{"categories":[{"name":"L_MicrosoftVisio","displayName":"Microsoft Visio\u00A02016"},{"parentCategory":{"ref":"L_MicrosoftVisio"},"name":"L_VisioOptions","displayName":"Options Visio"},{"parentCategory":{"ref":"L_VisioOptions"},"name":"L_General","displayName":"Général"},{"parentCategory":{"ref":"L_General"},"name":"L_UserInterfaceOptions","displayName":"Options de l’interface utilisateur"},{"parentCategory":{"ref":"L_VisioOptions"},"name":"L_Save","displayName":"Enregistrer"},{"parentCategory":{"ref":"L_Save"},"name":"L_OfflineEditing","displayName":"Édition en mode hors connexion"},{"parentCategory":{"ref":"L_Save"},"name":"L_SaveDocuments","displayName":"Enregistrer des documents"},{"parentCategory":{"ref":"L_VisioOptions"},"name":"L_Proofing","displayName":"Vérification"},{"parentCategory":{"ref":"L_Proofing"},"name":"L_AutoCorrectOptions","displayName":"Options de correction automatique"},{"parentCategory":{"ref":"L_VisioOptions"},"name":"L_OptionsCustomizeRibbon","displayName":"Personnaliser le ruban"},{"parentCategory":{"ref":"L_VisioOptions"},"name":"L_Security","displayName":"Sécurité"},{"parentCategory":{"ref":"L_Security"},"name":"L_TrustCenter","displayName":"Centre de gestion de la confidentialité"},{"parentCategory":{"ref":"L_TrustCenter"},"name":"L_FileBlockSettings","displayName":"Paramètres de blocage des fichiers"},{"parentCategory":{"ref":"L_Security"},"name":"L_MacroSecurity","displayName":"Sécurité des macros"},{"parentCategory":{"ref":"L_VisioOptions"},"name":"L_Advanced","displayName":"Options avancées"},{"parentCategory":{"ref":"L_Advanced"},"name":"L_FileLocations","displayName":"Emplacements des fichiers"},{"parentCategory":{"ref":"L_Advanced"},"name":"L_Display","displayName":"Afficher"},{"parentCategory":{"ref":"L_Advanced"},"name":"L_EditingOptions","displayName":"Options d'édition"},{"parentCategory":{"ref":"L_Advanced"},"name":"L_SaveOpen","displayName":"Enregistrer/Ouvrir"},{"parentCategory":{"ref":"L_Advanced"},"name":"L_ShapeSearch","displayName":"Rechercher une forme"},{"parentCategory":{"ref":"L_Advanced"},"name":"L_GeneralOptions","displayName":"Options générales"},{"parentCategory":{"ref":"L_MicrosoftVisio"},"name":"L_Customizableerrormessages","displayName":"Messages d’erreur personnalisables"},{"parentCategory":{"ref":"L_MicrosoftVisio"},"name":"L_Disableitemsinuserinterface","displayName":"Désactiver les éléments de l’interface utilisateur"},{"parentCategory":{"ref":"L_Disableitemsinuserinterface"},"name":"L_Custom","displayName":"Personnalisé"},{"parentCategory":{"ref":"L_MicrosoftVisio"},"name":"L_Miscellaneous","displayName":"Divers"}],"policies":[{"parentCategory":{"ref":"L_Display"},"supportedOn":{"ref":"windows:SUPPORTED_Windows7"},"enabledValue":{"string":"0"},"disabledValue":{"string":"1"},"name":"L_PreventShowingNewScreenOnLaunch","displayName":"Empêcher l’affichage de l’écran Nouveau au démarrage","explainText":"Ce paramètre de stratégie vous permet d’empêcher l’affichage de l’écran Nouveau au démarrage de Visio.\n\nSi vous activez ce paramètre de stratégie, l’écran Nouveau ne s’affiche pas au démarrage.\n\nSi vous désactivez ou ne configurez pas ce paramètre de stratégie, l’écran Nouveau et un catalogue de modèles s’affichent lorsque vous ouvrez Visio.","tags":["L_Display","L_Advanced","L_VisioOptions","L_MicrosoftVisio"],"application":"visio16","key":"software\\microsoft\\office\\16.0\\visio\\application","valueName":"showtemplatepanebydefault"},{"parentCategory":{"ref":"L_Display"},"supportedOn":{"ref":"windows:SUPPORTED_Windows7"},"enabledValue":{"string":"1"},"disabledValue":{"string":"0"},"name":"L_SmartTags","displayName":"Actions","explainText":"Affiche les actions supplémentaires si vous pointez dessus dans le dessin.","tags":["L_Display","L_Advanced","L_VisioOptions","L_MicrosoftVisio"],"application":"visio16","key":"software\\microsoft\\office\\16.0\\visio\\application","valueName":"showsmarttags"},{"parentCategory":{"ref":"L_Display"},"supportedOn":{"ref":"windows:SUPPORTED_Windows7"},"enabledValue":{"string":"1"},"disabledValue":{"string":"0"},"name":"L_StencilwindowScreenTips","displayName":"Info-bulles de la fenêtre Gabarit","explainText":"Indique si d’autres info-bulles (info-bulles\u00A0: informations qui apparaissent lorsque l’on place le pointeur sur certains éléments dans le programme Visio, notamment les masques sur les gabarits, les boutons des barres d’outils et la règle) apparaissent dans Visio pour vous aider à identifier les formes dans la fenêtre de gabarit","tags":["L_Display","L_Advanced","L_VisioOptions","L_MicrosoftVisio"],"application":"visio16","key":"software\\microsoft\\office\\16.0\\visio\\application","valueName":"tipsstencil"},{"parentCategory":{"ref":"L_Display"},"supportedOn":{"ref":"windows:SUPPORTED_Windows7"},"elements":{"items":[{"item":[{"value":{"string":"51"},"displayName":"Picas"},{"value":{"string":"50"},"displayName":"Points"},{"value":{"string":"54"},"displayName":"Cicéros"},{"value":{"string":"53"},"displayName":"Didots"}],"valueName":"measurementsystem_text","inputType":"dropdownList","caption":"Texte","id":"L_text7"}]},"name":"L_Text","displayName":"Texte","explainText":"Indique l’unité de mesure pour les retraits, l’espacement et autres mesures de texte. L’unité par défaut pour la taille est le point (1\u00A0point\u00A0=\u00A00,35\u00A0mm). Vous pouvez entrer la taille dans une autre unité de mesure (par exemple en pied ou en pouce), mais vous ne pouvez pas modifier l’unité par défaut.","tags":["L_Display","L_Advanced","L_VisioOptions","L_MicrosoftVisio"],"application":"visio16","key":"software\\microsoft\\office\\16.0\\visio\\document"},{"parentCategory":{"ref":"L_Display"},"supportedOn":{"ref":"windows:SUPPORTED_Windows7"},"elements":{"items":[{"item":[{"value":{"string":"81"},"displayName":"Degrés"},{"value":{"string":"82"},"displayName":"Deg-min-s"},{"value":{"string":"84"},"displayName":"Min-s"},{"value":{"string":"85"},"displayName":"Secondes"},{"value":{"string":"83"},"displayName":"Radians"}],"valueName":"measurementsystem_angle","inputType":"dropdownList","caption":"Angle","id":"L_angle8"}]},"name":"L_Angle","displayName":"Angle","explainText":"Indique l’unité de mesure pour l’angle de rotation.","tags":["L_Display","L_Advanced","L_VisioOptions","L_MicrosoftVisio"],"application":"visio16","key":"software\\microsoft\\office\\16.0\\visio\\document"},{"parentCategory":{"ref":"L_Display"},"supportedOn":{"ref":"windows:SUPPORTED_Windows7"},"elements":{"items":[{"item":[{"value":{"string":"43"},"displayName":"Semaines"},{"value":{"string":"44"},"displayName":"Jours"},{"value":{"string":"45"},"displayName":"Heures"},{"value":{"string":"46"},"displayName":"Minutes"},{"value":{"string":"47"},"displayName":"Secondes"}],"valueName":"measurementsystem_duration","inputType":"dropdownList","caption":"Durée","id":"L_duration9"}]},"name":"L_Duration","displayName":"Durée","explainText":"Indique l’unité de mesure de la durée calendaire par rapport à une date spécifique ou une heure donnée.","tags":["L_Display","L_Advanced","L_VisioOptions","L_MicrosoftVisio"],"application":"visio16","key":"software\\microsoft\\office\\16.0\\visio\\document"},{"parentCategory":{"ref":"L_Display"},"supportedOn":{"ref":"windows:SUPPORTED_Windows7"},"enabledValue":{"string":"1"},"disabledValue":{"string":"0"},"name":"L_AlwaysofferMetricandUSunitsfornewblankdrawings","displayName":"Toujours proposer les options «\u00A0Métrique\u00A0» et «\u00A0Unités américaines\u00A0» pour les nouveaux dessins et gabarits","explainText":"Ce paramètre de stratégie autorise l'affichage des unités américaines et des unités métriques quand vous créez un dessin ou un gabarit vierge.\n\nSi vous activez ce paramètre de stratégie, les unités américaines et les unités métriques sont proposées préalablement à la création d'un dessin ou d'un gabarit vierge. Ces dessins s'ouvrent avec les règles et la mise en page appropriées et les outils de dessin utilisent les unités appropriées. Les modèles et les gabarits ne sont pas installés dans les deux types d'unités. Ce paramètre de stratégie est toujours activé quand l'onglet Développeur est activé.\n\nSi vous désactivez ce paramètre de stratégie ou si vous ne le configurez pas, le choix des unités ne vous est pas proposé lors de la création d'un dessin ou d'un gabarit vierge si les modèles et les gabarits d'un seul type d'unité sont installés.","tags":["L_Display","L_Advanced","L_VisioOptions","L_MicrosoftVisio"],"application":"visio16","key":"software\\microsoft\\office\\16.0\\visio\\application","valueName":"offermetricandus"},{"parentCategory":{"ref":"L_UserInterfaceOptions"},"supportedOn":{"ref":"windows:SUPPORTED_Windows7"},"enabledValue":{"string":"0"},"disabledValue":{"string":"1"},"name":"L_DoNotShowMiniToolbarOnSelectionOfText","displayName":"Ne pas afficher la mini barre d’outils lors de la sélection de texte","explainText":"Ce paramètre de stratégie vous permet de configurer la mini barre d’outils lors de la sélection de texte.\n\nSi vous activez ce paramètre de stratégie, la mini barre d’outils ne s’affiche pas lors de la sélection.\n\nSi vous désactivez ou ne configurez pas ce paramètre de stratégie, la mini barre d’outils s’affiche lors de la sélection.","tags":["L_UserInterfaceOptions","L_General","L_VisioOptions","L_MicrosoftVisio"],"application":"visio16","key":"software\\microsoft\\office\\16.0\\visio\\application","valueName":"showminitoolbar"},{"parentCategory":{"ref":"L_UserInterfaceOptions"},"supportedOn":{"ref":"windows:SUPPORTED_Windows7"},"enabledValue":{"string":"0"},"disabledValue":{"string":"1"},"name":"L_TurnOffLivePreview","displayName":"Désactiver l’aperçu instantané","explainText":"Ce paramètre de stratégie vous permet de configurer l’aperçu instantané, qui affiche un aperçu de la manière dont une fonctionnalité affecte le document lorsque le curseur pointe vers différents choix.\n\nSi vous activez ce paramètre de stratégie, l’aperçu instantané est désactivé.\n\nSi vous désactivez ou ne configurez pas ce paramètre de stratégie, l’aperçu instantané est activé.","tags":["L_UserInterfaceOptions","L_General","L_VisioOptions","L_MicrosoftVisio"],"application":"visio16","key":"software\\microsoft\\office\\16.0\\visio\\application","valueName":"livepreview"},{"parentCategory":{"ref":"L_UserInterfaceOptions"},"supportedOn":{"ref":"windows:SUPPORTED_Windows7"},"enabledValue":{"string":"0"},"disabledValue":{"string":"1"},"name":"L_TurnOffLivePreviewInTheShapesWindow","displayName":"Désactiver l’aperçu instantané dans la fenêtre Formes","explainText":"Ce paramètre de stratégie permet de désactiver l’aperçu instantané de la fonctionnalité de la fenêtre Formes qui affiche les formes et leurs détails, ainsi que la profondeur de couleur qu’elles auront dans un dessin, y compris les couleurs de thème et les effets.\n\nSi vous activez ce paramètre de stratégie, l’aperçu instantané est désactivé dans la fenêtre Formes.\n\nSi vous désactivez ou ne configurez pas ce paramètre de stratégie, l’aperçu instantané est activé dans la fenêtre Formes.","tags":["L_UserInterfaceOptions","L_General","L_VisioOptions","L_MicrosoftVisio"],"application":"visio16","key":"software\\microsoft\\office\\16.0\\visio\\application","valueName":"livepreviewmasters"},{"parentCategory":{"ref":"L_EditingOptions"},"supportedOn":{"ref":"windows:SUPPORTED_Windows7"},"enabledValue":{"string":"1"},"disabledValue":{"string":"0"},"name":"L_ZoomonrollwithIntelliMouse","displayName":"Zoom avec la roulette IntelliMouse","explainText":"Une fois activée, cette option vous permet d’effectuer un zoom avant ou arrière à partir d’un dessin en actionnant la roulette de la souris Microsoft Intellimouse","tags":["L_EditingOptions","L_Advanced","L_VisioOptions","L_MicrosoftVisio"],"application":"visio16","key":"software\\microsoft\\office\\16.0\\visio\\application","valueName":"zoomonroll"},{"parentCategory":{"ref":"L_EditingOptions"},"supportedOn":{"ref":"windows:SUPPORTED_Windows7"},"enabledValue":{"string":"1"},"disabledValue":{"string":"0"},"name":"L_Centerselectiononzoom","displayName":"Centrer la sélection lors d’un zoom","explainText":"Indique que lors d’un zoom avant, la forme sélectionnée apparaît au centre de la fenêtre.","tags":["L_EditingOptions","L_Advanced","L_VisioOptions","L_MicrosoftVisio"],"application":"visio16","key":"software\\microsoft\\office\\16.0\\visio\\application","valueName":"zoommode"},{"parentCategory":{"ref":"L_EditingOptions"},"supportedOn":{"ref":"windows:SUPPORTED_Windows7"},"enabledValue":{"string":"1"},"disabledValue":{"string":"0"},"name":"L_Selectshapespartiallywithinarea","displayName":"Sélectionner les formes partiellement dans la zone","explainText":"Si vous sélectionnez des formes à l’aide d’un filet de sélection (en glissant une case autour des formes d’une page de dessin), vous pouvez modifier les paramètres de sélection pour inclure également les formes se trouvant partiellement dans le filet de sélection.","tags":["L_EditingOptions","L_Advanced","L_VisioOptions","L_MicrosoftVisio"],"application":"visio16","key":"software\\microsoft\\office\\16.0\\visio\\application","valueName":"areaselection"},{"parentCategory":{"ref":"L_EditingOptions"},"supportedOn":{"ref":"windows:SUPPORTED_Windows7"},"enabledValue":{"string":"1"},"disabledValue":{"string":"0"},"name":"L_Enablelivedynamics","displayName":"Activer les effets dynamiques","explainText":"Lorsque vous redimensionnez ou pivotez une forme, vous pouvez voir la forme au fur et à mesure qu’elle se transforme, au lieu de ne voir que le cadre englobant tant que l’action n’est pas terminée.","tags":["L_EditingOptions","L_Advanced","L_VisioOptions","L_MicrosoftVisio"],"application":"visio16","key":"software\\microsoft\\office\\16.0\\visio\\application","valueName":"livemousedynamics"},{"parentCategory":{"ref":"L_EditingOptions"},"supportedOn":{"ref":"windows:SUPPORTED_Windows7"},"enabledValue":{"string":"1"},"disabledValue":{"string":"0"},"name":"L_Enalbeconnectorsplitting","displayName":"Autoriser le fractionnement des liens","explainText":"Lorsque vous placez une forme sur le trait d’un lien, il se fractionne et chaque morceau devient un lien séparé attaché à la forme. Les types de dessins ne prennent pas tous en charge le fractionnement des liens.","tags":["L_EditingOptions","L_Advanced","L_VisioOptions","L_MicrosoftVisio"],"application":"visio16","key":"software\\microsoft\\office\\16.0\\visio\\application","valueName":"allowshapesplitting"},{"parentCategory":{"ref":"L_EditingOptions"},"supportedOn":{"ref":"windows:SUPPORTED_Windows7"},"enabledValue":{"string":"1"},"disabledValue":{"string":"0"},"name":"L_EnableAutoConnect","displayName":"Activer la connexion automatique","explainText":"Définit la valeur dans l’option correspondante de l’interface utilisateur.","tags":["L_EditingOptions","L_Advanced","L_VisioOptions","L_MicrosoftVisio"],"application":"visio16","key":"software\\microsoft\\office\\16.0\\visio\\application","valueName":"enableautoconnect"},{"parentCategory":{"ref":"L_EditingOptions"},"supportedOn":{"ref":"windows:SUPPORTED_Windows7"},"enabledValue":{"string":"0"},"disabledValue":{"string":"1"},"name":"L_ShowMoreHandles","displayName":"Afficher d’autres poignées de forme lors du pointage","explainText":"Ce paramètre de stratégie permet d’afficher d’autres poignées de forme lorsque le curseur pointe sur une forme sélectionnée.\n\nSi vous activez ce paramètre de stratégie, d’autres poignées de forme s’affichent après un instant.\n\nSi vous désactivez ou ne configurez pas ce paramètre de stratégie, aucune autre poignée de forme ne s’affiche.\n","tags":["L_EditingOptions","L_Advanced","L_VisioOptions","L_MicrosoftVisio"],"application":"visio16","key":"software\\microsoft\\office\\16.0\\visio\\application","valueName":"handlebehavior"},{"parentCategory":{"ref":"L_SaveDocuments"},"supportedOn":{"ref":"windows:SUPPORTED_Windows7"},"enabledValue":{"string":"1"},"disabledValue":{"string":"0"},"name":"L_Promptfordocumentpropertiesonfirstsave","displayName":"Demander les propriétés de document au premier enregistrement","explainText":"Indique si la boîte de dialogue Propriétés s’ouvre lors du premier enregistrement d’un fichier. Les propriétés du fichier comprennent le nom d’auteur et des informations comme l’état du fichier, les paramètres d’aperçu, ainsi que d’autres propriétés.","tags":["L_SaveDocuments","L_Save","L_VisioOptions","L_MicrosoftVisio"],"application":"visio16","key":"software\\microsoft\\office\\16.0\\visio\\application","valueName":"promptforsummaryinfo"},{"parentCategory":{"ref":"L_SaveOpen"},"supportedOn":{"ref":"windows:SUPPORTED_Windows7"},"elements":{"items":[{"item":[{"value":{"string":"0"},"displayName":"Définition automatique de la langue"},{"value":{"string":"1"},"displayName":"Demander la langue"},{"value":{"string":"2"},"displayName":"Utiliser la langue suivante\u00A0"}],"valueName":"fileconversionmode","inputType":"dropdownList","caption":"Langue pour la conversion de fichiers","id":"L_languageforfileconversion5"},{"valueName":"fileconversionlanguage","requiredSpecified":false,"expandableSpecified":false,"maxLength":2147483647,"maxLengthSpecified":false,"inputType":"textBox","caption":"Utiliser la langue\u00A0:","id":"L_Uselanguage"}]},"name":"L_languageforfileconversion4","displayName":"Langue pour la conversion de fichiers","explainText":"Ce paramètre de stratégie spécifie comment Visio détermine la langue à utiliser lors de la conversion depuis ou vers une version antérieure de Visio.  \n\nSi vous activez ce paramètre de stratégie, vous pouvez choisir l’une des options suivantes\u00A0:\n\n- Définition automatique de la langue\n- Demander la langue\n- Utiliser la langue suivante\u00A0: vous devez spécifier l’identificateur numérique des paramètres régionaux Microsoft (LCID) pour cette langue.\n\nSi vous désactivez ou ne configurez pas ce paramètre de stratégie, Visio choisit la langue à utiliser.","tags":["L_SaveOpen","L_Advanced","L_VisioOptions","L_MicrosoftVisio"],"application":"visio16","key":"software\\microsoft\\office\\16.0\\visio\\application"},{"parentCategory":{"ref":"L_SaveOpen"},"supportedOn":{"ref":"windows:SUPPORTED_Windows7"},"enabledValue":{"string":"1"},"disabledValue":{"string":"0"},"name":"L_Showfilesavewarnings","displayName":"Afficher les avertissements lors de l’enregistrement des fichiers","explainText":"Indique si un message d’avertissement s’affiche lors de l’enregistrement de fichiers contenant des erreurs telles que du code XML non valide.","tags":["L_SaveOpen","L_Advanced","L_VisioOptions","L_MicrosoftVisio"],"application":"visio16","key":"software\\microsoft\\office\\16.0\\visio\\application","valueName":"showxmlsavewarnings"},{"parentCategory":{"ref":"L_SaveOpen"},"supportedOn":{"ref":"windows:SUPPORTED_Windows7"},"enabledValue":{"string":"1"},"disabledValue":{"string":"0"},"name":"L_Showfileopenwarnings","displayName":"Afficher les avertissements lors de l’ouverture des fichiers","explainText":"Indique si un message d’avertissement s’affiche lors de l’ouverture de fichiers contenant des erreurs telles que du code XML non valide.","tags":["L_SaveOpen","L_Advanced","L_VisioOptions","L_MicrosoftVisio"],"application":"visio16","key":"software\\microsoft\\office\\16.0\\visio\\application","valueName":"showxmlopenwarnings"},{"parentCategory":{"ref":"L_OptionsCustomizeRibbon"},"supportedOn":{"ref":"windows:SUPPORTED_Windows7"},"enabledValue":{"decimal":{"value":1}},"disabledValue":{"decimal":{"value":0}},"name":"L_DisplayDeveloperTab","displayName":"Afficher l’onglet Développeur dans le ruban","explainText":"Ce paramètre de stratégie détermine si l’onglet Développeur s’affiche dans le ruban.\n\nSi vous activez ce paramètre de stratégie, l’onglet Développeur s’affiche dans le ruban.\n\nSi vous désactivez ce paramètre de stratégie, l’onglet Développeur ne s’affiche pas dans le ruban.\n\nSi vous ne configurez pas ce paramètre de stratégie, l’onglet Développeur ne s’affiche pas dans le ruban, mais sa visibilité peut être modifiée via un paramètre de la boîte de dialogue Options de l’application.","tags":["L_OptionsCustomizeRibbon","L_VisioOptions","L_MicrosoftVisio"],"application":"visio16","key":"software\\microsoft\\office\\16.0\\visio\\application","valueName":"developertools"},{"parentCategory":{"ref":"L_Save"},"supportedOn":{"ref":"windows:SUPPORTED_Windows7"},"enabledValue":{"decimal":{"value":1}},"disabledValue":{"decimal":{"value":0}},"name":"L_TurnOffCADDWGFunctionality","displayName":"Désactiver la fonctionnalité Dessin de CAO","explainText":"Ce paramètre de stratégie permet de désactiver tous les points d’entrée liés à des fichiers de dessin de CAO.\n\nSi vous activez ce paramètre de stratégie, la fonctionnalité de dessin de CAO est désactivée.\n\nSi vous désactivez ou ne configurez pas ce paramètre de stratégie, la fonctionnalité de dessin de CAO est activée.","tags":["L_Save","L_VisioOptions","L_MicrosoftVisio"],"application":"visio16","key":"software\\microsoft\\office\\16.0\\visio\\application","valueName":"disabledwg"},{"parentCategory":{"ref":"L_OfflineEditing"},"supportedOn":{"ref":"windows:SUPPORTED_Windows7"},"elements":{"items":[{"item":[{"value":{"string":"1"},"displayName":"Emplacement des fichiers temporaires extraits du serveur"},{"value":{"string":"0"},"displayName":"Serveur web"}],"valueName":"uselocaldrafts","inputType":"dropdownList","id":"L_SaveCheckedOutFilesToDropID"}]},"name":"L_SaveCheckedOutFilesTo","displayName":"Enregistrer les fichiers extraits\u00A0dans","explainText":"Ce paramètre de stratégie vous permet de choisir si les fichiers extraits sont enregistrés à l’emplacement des fichiers temporaires extraits du serveur ou sur le serveur web. \n\nSi vous activez ce paramètre de stratégie, vous pouvez choisir où les fichiers extraits sont enregistrés\u00A0:\n-Emplacement des fichiers temporaires extraits du serveur\u00A0: emplacement réservé aux fichiers temporaires extraits du serveur sur cet ordinateur\n-Serveur web\u00A0: le serveur web\n\nSi vous désactivez ou ne configurez pas ce paramètre de stratégie, les fichiers extraits sont stockés à l’emplacement des fichiers temporaires extraits du serveur.","tags":["L_OfflineEditing","L_Save","L_VisioOptions","L_MicrosoftVisio"],"application":"visio16","key":"software\\microsoft\\office\\16.0\\visio\\application"},{"parentCategory":{"ref":"L_SaveDocuments"},"supportedOn":{"ref":"windows:SUPPORTED_Windows7"},"elements":{"items":[{"item":[{"value":{"string":"0"},"displayName":"Document Visio"},{"value":{"string":"3"},"displayName":"Document Visio prenant en charge les macros"},{"value":{"string":"1"},"displayName":"Document Visio\u00A02003-2016"}],"valueName":"savefileformat","inputType":"dropdownList","caption":"Enregistrer les fichiers Visio sous","id":"L_savevisiofilesas6"}]},"name":"L_SaveVisiofilesas","displayName":"Enregistrer les fichiers Visio sous","explainText":"Identifie le format de fichier par défaut dans lequel sont enregistrés les fichiers Visio.","tags":["L_SaveDocuments","L_Save","L_VisioOptions","L_MicrosoftVisio"],"application":"visio16","key":"software\\microsoft\\office\\16.0\\visio\\application"},{"parentCategory":{"ref":"L_ShapeSearch"},"supportedOn":{"ref":"windows:SUPPORTED_Windows7"},"enabledValue":{"string":"1"},"disabledValue":{"string":"0"},"name":"L_Showshapesearchpane","displayName":"Afficher le volet Rechercher une forme","explainText":"Affiche les éléments d’interface utilisateur de recherche de forme de la fenêtre Gabarit.","tags":["L_ShapeSearch","L_Advanced","L_VisioOptions","L_MicrosoftVisio"],"application":"visio16","key":"software\\microsoft\\office\\16.0\\visio\\application","valueName":"showshapesearchpane"},{"parentCategory":{"ref":"L_ShapeSearch"},"supportedOn":{"ref":"windows:SUPPORTED_Windows7"},"elements":{"items":[{"item":[{"value":{"string":"1"},"displayName":"Tous les mots (ET)"},{"value":{"string":"0"},"displayName":"N’importe quel mot (OU)"}],"valueName":"findshapesallwords","inputType":"dropdownList","caption":"Rechercher\u00A0:","id":"L_searchfor10"}]},"name":"L_Searchfor","displayName":"Rechercher\u00A0:","explainText":"Définit la valeur dans l’option correspondante de l’interface utilisateur.","tags":["L_ShapeSearch","L_Advanced","L_VisioOptions","L_MicrosoftVisio"],"application":"visio16","key":"software\\microsoft\\office\\16.0\\visio\\application"},{"parentCategory":{"ref":"L_ShapeSearch"},"supportedOn":{"ref":"windows:SUPPORTED_Windows7"},"elements":{"items":[{"item":[{"value":{"string":"0"},"displayName":"Par ordre alphabétique"},{"value":{"string":"1"},"displayName":"Par groupe"}],"valueName":"msoridcuvisiobfsgroup","inputType":"dropdownList","caption":"Résultats de la recherche\u00A0","id":"L_searchresults11"}]},"name":"L_Searchresults","displayName":"Résultats de la recherche\u00A0","explainText":"Indique si les résultats sont renvoyés par ordre alphabétique par nom de forme ou nom de gabarit (groupe). Cliquez sur Par groupe pour différencier les formes de même nom apparaissant sur différents gabarits. Il peut également être utile de sélectionner cette option pour localiser le gabarit contenant la forme.","tags":["L_ShapeSearch","L_Advanced","L_VisioOptions","L_MicrosoftVisio"],"application":"visio16","key":"software\\microsoft\\office\\16.0\\visio\\application"},{"parentCategory":{"ref":"L_ShapeSearch"},"supportedOn":{"ref":"windows:SUPPORTED_Windows7"},"enabledValue":{"string":"0"},"disabledValue":{"string":"1"},"name":"L_Openresultsnewwindow","displayName":"Ouvrir une nouvelle fenêtre de résultats","explainText":"Indique si un nouveau gabarit de résultats de recherche est créé pour chaque recherche. Si cette option est désactivée, les résultats de la recherche remplacent les résultats des recherches précédentes.","tags":["L_ShapeSearch","L_Advanced","L_VisioOptions","L_MicrosoftVisio"],"application":"visio16","key":"software\\microsoft\\office\\16.0\\visio\\application","valueName":"msoridcuvisiobfsrecycle"},{"parentCategory":{"ref":"L_TrustCenter"},"supportedOn":{"ref":"windows:SUPPORTED_Windows7"},"enabledValue":{"decimal":{"value":1}},"disabledValue":{"decimal":{"value":0}},"name":"L_Disableallapplicationextensions","displayName":"Désactiver tous les compléments d’applications","explainText":"Ce paramètre de stratégie permet de désactiver les compléments associés aux applications Office\u00A02016 spécifiées.\n    \nSi vous activez ce paramètre de stratégie, les compléments associés aux applications Office\u00A02016 spécifiées sont désactivés.\n\nSi vous désactivez ce paramètre de stratégie ou si vous ne le configurez pas, l’exécution des compléments associés aux applications Office\u00A02016 spécifiées est autorisée sans en informer les utilisateurs, sauf si l’application exige la signature des compléments d’applications par des éditeurs approuvés.","tags":["L_TrustCenter","L_Security","L_VisioOptions","L_MicrosoftVisio"],"application":"visio16","key":"software\\microsoft\\office\\16.0\\visio\\security","valueName":"disablealladdins"},{"parentCategory":{"ref":"L_TrustCenter"},"supportedOn":{"ref":"windows:SUPPORTED_Windows7"},"enabledValue":{"decimal":{"value":1}},"disabledValue":{"decimal":{"value":0}},"name":"L_BlockMacroExecutionFromInternet","displayName":"Bloquer l’exécution des macros dans les fichiers Office provenant d’Internet","explainText":"\n        Ce paramètre de stratégie vous permet d’empêcher l’exécution de macros dans des fichiers Office provenant d’Internet.\n\n        Si vous activez ce paramètre de stratégie, l’exécution des macros est bloquée, même si «\u00A0Activer toutes les macros\u00A0» est sélectionné dans la section Paramètres des macros du Centre de gestion de la confidentialité. Les utilisateurs recevront une notification indiquant que l’exécution des macros est bloquée.\n\n        Les exceptions lorsque les macros sont autorisées à s’exécuter sont les suivantes\u00A0:\n        – Le fichier Office est enregistré dans un emplacement approuvé.\n        – Le fichier Office a été précédemment approuvé par l’utilisateur.\n        – Les macros sont signées numériquement et le certificat d’éditeur approuvé correspondant est installé sur l’appareil.\n\n        Si vous désactivez ce paramètre de stratégie, les paramètres configurés dans la section Paramètres de macro du Centre de gestion de la confidentialité déterminent si les macros s’exécutent dans des fichiers Office provenant d’Internet.\n\n        Si vous ne configurez pas ce paramètre de stratégie, l’exécution des macros sera bloquée. Les utilisateurs recevront une notification leur indiquant les risques de sécurité des macros à partir d’Internet, ainsi qu’un lien pour en savoir plus.\n\n        Pour plus d’informations, consultez https://go.microsoft.com/fwlink/p/?linkid=2185771.\n      ","tags":["L_TrustCenter","L_Security","L_VisioOptions","L_MicrosoftVisio"],"application":"visio16","key":"software\\microsoft\\office\\16.0\\visio\\security","valueName":"blockcontentexecutionfrominternet"},{"parentCategory":{"ref":"L_TrustCenter"},"supportedOn":{"ref":"windows:SUPPORTED_Windows7"},"enabledValue":{"decimal":{"value":1}},"disabledValue":{"decimal":{"value":0}},"name":"L_TurnOffTrustedDocumentsOnTheNetwork","displayName":"Désactiver les documents approuvés sur le réseau","explainText":"Ce paramètre de stratégie vous permet de désactiver la fonctionnalité de documents approuvés pour les documents ouverts à partir du réseau.\n\nSi vous activez ce paramètre de stratégie, des notifications de sécurité s’affichent systématiquement pour le contenu actif tel que les macros, les contrôles ActiveX, les connexions de données ou autres pour les documents ouverts à partir du réseau.\n\nSi vous désactivez ou ne configurez pas ce paramètre de stratégie, la fonctionnalité de documents approuvés permet aux utilisateurs de toujours autoriser le contenu actif dans les documents tel que les macros, les contrôles ActiveX, les connexions de données ou autres afin d’éviter l’affichage d’une invite la prochaine fois qu’ils ouvrent des documents. Les documents approuvés sont exempts de notifications de sécurité.","tags":["L_TrustCenter","L_Security","L_VisioOptions","L_MicrosoftVisio"],"application":"visio16","key":"software\\microsoft\\office\\16.0\\visio\\security\\trusted documents","valueName":"disablenetworktrusteddocuments"},{"parentCategory":{"ref":"L_TrustCenter"},"supportedOn":{"ref":"windows:SUPPORTED_Windows7"},"enabledValue":{"decimal":{"value":1}},"disabledValue":{"decimal":{"value":0}},"name":"L_TurnOffTrustedDocuments","displayName":"Désactiver les documents approuvés","explainText":"Ce paramètre de stratégie permet de désactiver la fonctionnalité des documents approuvés. Grâce à celle-ci, les utilisateurs peuvent toujours activer le contenu actif dans des documents (tels que des macros, des contrôles ActiveX, des connexions de données, etc.) afin de ne pas recevoir d’invite lors de la prochaine ouverture des documents. Les documents approuvés sont en effet exempts de notification de sécurité.\n\nSi vous activez ce paramètre de stratégie, vous désactivez la fonctionnalité des documents approuvés. Les utilisateurs recevront une invite de sécurité chaque fois qu’ils ouvriront un document avec contenu actif.\n\nSi vous désactivez ou ne configurez pas ce paramètre de stratégie, les documents seront approuvés lorsque les utilisateurs activeront le contenu d’un document, et ceux-ci ne recevront pas d’invite de sécurité.","tags":["L_TrustCenter","L_Security","L_VisioOptions","L_MicrosoftVisio"],"application":"visio16","key":"software\\microsoft\\office\\16.0\\visio\\security\\trusted documents","valueName":"disabletrusteddocuments"},{"parentCategory":{"ref":"L_TrustCenter"},"supportedOn":{"ref":"windows:SUPPORTED_Windows7"},"elements":{"items":[{"valueName":"maxtrusteddocuments","minValue":0,"minValueSpecified":true,"maxValue":20000,"maxValueSpecified":true,"inputType":"decimalTextBox","caption":"Nombre maximal\u00A0:","id":"L_SetMaximumNumberOfTrustedDocumentsSpinID"}]},"name":"L_SetMaximumNumberOfTrustedDocuments","displayName":"Définir le nombre maximal de documents approuvés","explainText":"Ce paramètre de stratégie vous permet de spécifier le nombre maximal d’enregistrements d’approbation pour les documents approuvés pouvant être stockés dans le Registre avant l’exécution de la tâche de vidage. Cette tâche réduit le nombre de documents d’approbation stockés dans le Registre selon la valeur définie par le paramètre de stratégie «\u00A0Définir le nombre maximal d’enregistrements d’approbation à conserver\u00A0».\n\nSi vous activez ce paramètre de stratégie, vous pouvez spécifier le nombre maximal de documents approuvés à stocker dans le Registre avant l’exécution de la tâche de vidage, avec une limite supérieure fixée à 20\u00A0000\u00A0documents. Pour des raisons de performances, nous vous déconseillons de configurer ce paramètre de stratégie sur la limite supérieure.\n\nSi vous désactivez ce paramètre de stratégie ou si vous ne le configurez pas, la valeur par défaut fixée à 500 est utilisée pour le nombre maximal de documents approuvés pouvant être stockés dans le Registre avant l’exécution de la tâche de vidage.","tags":["L_TrustCenter","L_Security","L_VisioOptions","L_MicrosoftVisio"],"application":"visio16","key":"software\\microsoft\\office\\16.0\\visio\\security\\trusted documents"},{"parentCategory":{"ref":"L_TrustCenter"},"supportedOn":{"ref":"windows:SUPPORTED_Windows7"},"elements":{"items":[{"valueName":"maxpreservetrusteddocuments","minValue":0,"minValueSpecified":true,"maxValue":20000,"maxValueSpecified":true,"inputType":"decimalTextBox","caption":"Maximum à conserver\u00A0:","id":"L_SetMaximumNumberOfTrustRecordsToPreserveSpinID"}]},"name":"L_SetMaximumNumberOfTrustRecordsToPreserve","displayName":"Définir le nombre maximal d’enregistrements d’approbation à conserver","explainText":"Ce paramètre de stratégie vous permet de définir le nombre maximal d’enregistrements d’approbation à conserver lorsque la tâche de purge détecte que cette application a approuvé plus de documents que la valeur définie par le paramètre de stratégie «\u00A0Définir le nombre maximal de documents approuvés\u00A0».\n\nSi vous activez ce paramètre de stratégie, vous pouvez définir le nombre maximal d’enregistrements d’approbation à conserver, avec une limite supérieure de 20\u00A0000. Pour des raisons de performances, il est déconseillé de choisir cette valeur limite.\n\nSi vous désactivez ou ne configurez pas ce paramètre de stratégie, la valeur par défaut utilisée est 400.","tags":["L_TrustCenter","L_Security","L_VisioOptions","L_MicrosoftVisio"],"application":"visio16","key":"software\\microsoft\\office\\16.0\\visio\\security\\trusted documents"},{"parentCategory":{"ref":"L_TrustCenter"},"supportedOn":{"ref":"windows:SUPPORTED_Windows7"},"elements":{"items":[{"item":[{"value":{"decimal":{"value":2}},"displayName":"Désactiver tout avec notification"},{"value":{"decimal":{"value":3}},"displayName":"Désactiver tout sauf les macros signées numériquement"},{"value":{"decimal":{"value":4}},"displayName":"Désactiver tout sans notification"},{"value":{"decimal":{"value":1}},"displayName":"Activer toutes les macros (non recommandé)"}],"valueName":"vbawarnings","inputType":"dropdownList","id":"L_Empty"},{"trueValue":{"decimal":{"value":1}},"falseValue":{"decimal":{"value":0}},"valueName":"vbadigsigtrustedpublishers","key":"software\\microsoft\\office\\16.0\\visio\\security","inputType":"checkBox","caption":"Exiger la signature des macros par un éditeur approuvé","id":"L_VBADigSigTrustedPublishersStr"},{"trueValue":{"decimal":{"value":1}},"falseValue":{"decimal":{"value":0}},"valueName":"vbarequirelmtrustedpublisher","key":"software\\microsoft\\office\\16.0\\visio\\security","inputType":"checkBox","caption":"Bloquer les certificats des éditeurs approuvés qui sont uniquement installés dans le magasin de certificats de l’utilisateur actuel","id":"L_VBAOnlyAllowLMTrustedPublisherStr"},{"trueValue":{"decimal":{"value":1}},"falseValue":{"decimal":{"value":0}},"valueName":"vbarequiredigsigwithcodesigningeku","key":"software\\microsoft\\office\\16.0\\visio\\security","inputType":"checkBox","caption":"Exiger Utilisation améliorée de la clé (EKU) pour les certificats d’éditeurs approuvés","id":"L_VBAOnlyAllowDigSigWithCodeSigningEKUStr"}]},"name":"L_VBAWarningsPolicy","displayName":"Paramètres de notification de macro VBA","explainText":"Ce paramètre de stratégie contrôle l’avertissement des utilisateurs par les applications spécifiées lorsque des macros VBA (Visual Basic pour Applications) sont présentes.\n\nSi vous activez ce paramètre de stratégie, vous disposez de quatre options d’avertissement relatives aux macros\u00A0:\n \n : Désactiver tout avec notification: l’application affiche la barre de confiance pour toutes les macros, signées ou non. Cette option applique la configuration par défaut dans Office.\n \n : Désactiver tout sauf les macros signées numériquement: l’application affiche la barre de confiance pour les macros signées numériquement, et permet aux utilisateurs de les activer ou de les laisser désactivées. Les macros non signées sont désactivées et les utilisateurs ne reçoivent pas de notification.\n \n : Désactiver tout sans notification: l’application désactive toutes les macros, signées ou non, et les utilisateurs ne reçoivent pas de notification.\n \n : Activer toutes les macros (non recommandé): toutes les macros, signées ou non, sont activées. Cette option peut réduire la sécurité de manière significative en permettant l’exécution non détectée de code dangereux.\n \nSi vous désactivez ce paramètre de stratégie, le paramètre par défaut est « Désactiver tout avec notification ».\n \nSi vous ne configurez pas ce paramètre de stratégie, lors de l’ouverture de fichiers contenant des macros VBA dans les applications spécifiées, les macros sont désactivées, et la barre de confidentialité inclut un avertissement indiquant que les macros présentes ont été désactivées. Les utilisateurs peuvent inspecter et modifier les fichiers le cas échéant, mais ne peuvent pas utiliser les fonctionnalités désactivées. Celles-ci peuvent être activées en cliquant sur « Activer le contenu » dans la barre de confiance. Si l’utilisateur clique sur « Activer le contenu », le document est ajouté en tant que document approuvé.\n\nSi vous sélectionnez « Désactiver tout sauf les macros signées numériquement », nous vous recommandons de sélectionner également la case à cocher « Exiger la signature des macros par un éditeur approuvé » pour optimiser la sécurité.\n\nSi vous activez la case à cocher « Exiger la signature des macros par un éditeur approuvé », les utilisateurs ouvrant des fichiers à l’aide de macros signées numériquement, et non pas un éditeur approuvé, recevront une notification indiquant que l’exécution des macros est bloquée. Il existe également deux cases à cocher supplémentaires que nous vous recommandons de sélectionner pour optimiser la sécurité.\n\n : Bloquer les certificats des éditeurs approuvés qui sont installés dans le magasin de certificats de l’utilisateur actuel\n\n : Exiger l’Utilisation améliorée de la clé (EKU) pour les certificats des éditeurs approuvés\n\nRemarque: ces deux cases à cocher s’appliquent uniquement si vous avez sélectionné la case « Exiger la signature des macros par un éditeur approuvé »\n\nRemarque : les trois cases à cocher s'appliquent uniquement aux versions 2012 et ultérieures d'Office et de Visio. Elles ne s'appliquent pas à Office 2016 ou Office 2019.\n\nSi vous sélectionnez « Bloquer les certificats des éditeurs approuvés installés dans le magasin de certificats de l’ordinateur local », les macros ne s’exécutent pas si le certificat de l’éditeur approuvé est installé dans le magasin de certificats de l’utilisateur actuel. Le certificat doit être installé dans le magasin de certificats de l’ordinateur local pour que la macro s’exécute. Seuls les comptes disposant d’un accès administrateur sur l’ordinateur peuvent effectuer l’installation d’un certificat dans le magasin de certificats de l’ordinateur local.\n\nSi vous sélectionnez la case à cocher « Exiger l’Utilisation améliorée de la clé (EKU) pour les certificats d’éditeurs approuvés », le certificat EKU doit inclure la « Signature de code » en tant que l’une des utilisations du certificat.\n\nImportant\u00A0: si l’option « Désactiver tout sauf les macros signées numériquement » est activée, les utilisateurs ne peuvent pas ouvrir les bases de données Access non signées.\n \nEn outre, Microsoft Office enregistre les certificats des éditeurs approuvés dans la banque des éditeurs approuvés d’Internet Explorer. Dans les versions précédentes de Microsoft Office, les informations relatives aux certificats des éditeurs approuvés (notamment, les empreintes de certificat) étaient enregistrées dans une banque d’éditeurs approuvés spéciale. Microsoft Office lit ces informations dans la banque d’éditeurs approuvés Office mais n’écrit aucune information dans cette banque.\n \nSi vous avez créé une liste des éditeurs approuvés dans une version précédente de Microsoft Office et effectué une mise à niveau vers Office, cette liste est toujours reconnue. Toutefois, les certificats d’éditeurs approuvés ajoutés à la liste sont enregistrés dans la banque des éditeurs approuvés d’Internet Explorer.","tags":["L_TrustCenter","L_Security","L_VisioOptions","L_MicrosoftVisio"],"application":"visio16","key":"software\\microsoft\\office\\16.0\\visio\\security"},{"parentCategory":{"ref":"L_TrustCenter"},"supportedOn":{"ref":"windows:SUPPORTED_Windows7"},"enabledValue":{"decimal":{"value":1}},"disabledValue":{"decimal":{"value":0}},"name":"L_RequirethatApplicationExtensionsaresigned","displayName":"Exiger la signature des compléments d’applications par un éditeur approuvé","explainText":"Ce paramètre de stratégie contrôle la signature numérique des compléments par un éditeur approuvé pour l’application spécifiée.\n \nSi vous activez ce paramètre de stratégie, l’application vérifie la signature numérique de chaque complément avant de le charger. Si un complément n’a pas de signature numérique, ou si la signature ne provient pas d’un éditeur approuvé, l’application désactive le complément et en informe l’utilisateur. Des certificats doivent être ajoutés à la liste des éditeurs approuvés si les compléments doivent être signés par un éditeur approuvé. Pour plus d’informations sur l’obtention et la distribution de certificats, consultez la page http://go.microsoft.com/fwlink/?LinkId=294922. Office\u00A02016 enregistre les certificats des éditeurs approuvés dans la banque d’éditeurs approuvés d’Internet Explorer. Dans les versions précédentes de Microsoft Office, les informations relatives aux certificats des éditeurs approuvés (notamment, les empreintes de certificats) étaient enregistrées dans une banque d’éditeurs approuvés spéciale d’Office. Office\u00A02016 lit encore ces informations dans la banque d’éditeurs approuvés d’Office, mais n’y écrit plus aucune information. Si vous avez créé une liste des éditeurs approuvés dans une version précédente d’Office et effectué une mise à niveau vers Office\u00A02016, cette liste est toujours reconnue. En revanche, les certificats d’éditeurs approuvés qui ont été ajoutés à la liste sont enregistrés dans la banque d’éditeurs approuvés d’Internet Explorer. Pour obtenir plus d’informations sur les éditeurs approuvés, consultez le Kit de ressources d’Office.\n\nSi vous désactivez ce paramètre de stratégie ou si vous ne le configurez pas, l’application ne vérifie pas la signature numérique des compléments d’applications avant de les ouvrir. Le chargement d’un complément dangereux peut endommager les ordinateurs des utilisateurs ou compromettre la sécurité des données.","tags":["L_TrustCenter","L_Security","L_VisioOptions","L_MicrosoftVisio"],"application":"visio16","key":"software\\microsoft\\office\\16.0\\visio\\security","valueName":"requireaddinsig"},{"parentCategory":{"ref":"L_TrustCenter"},"supportedOn":{"ref":"windows:SUPPORTED_Windows7"},"enabledValue":{"decimal":{"value":1}},"disabledValue":{"decimal":{"value":0}},"name":"L_DisableTrustBarNotificationforunsigned","displayName":"Désactiver la notification de la barre de confidentialité pour les compléments d’applications non signés et les bloquer","explainText":"Ce paramètre de stratégie détermine si l’application Office spécifiée envoie une notification à l’utilisateur lors du chargement des compléments d’applications non signés, ou désactive ces compléments en mode silencieux sans notification. Ce paramètre de stratégie s’applique uniquement si vous activez le paramètre de stratégie «\u00A0Exiger la signature des compléments d’applications par un éditeur approuvé\u00A0», qui empêche la modification de ce paramètre de stratégie par l’utilisateur.\n  \nSi vous activez ce paramètre de stratégie, les applications désactivent automatiquement les compléments non signés sans en informer l’utilisateur.\n\nSi vous désactivez ce paramètre de stratégie, si la configuration de l’application exige la signature des compléments par un éditeur approuvé, les compléments non signés chargés par l’application sont désactivés et l’application affiche la barre de confidentialité en haut de la fenêtre active. La barre de confidentialité contient un message d’information relatif au complément non signé.\n\nSi vous ne configurez pas ce paramètre de stratégie, cela revient à le désactiver, et les utilisateurs peuvent en outre configurer cette condition dans la catégorie Compléments du Centre de gestion de la confidentialité pour l’application.","tags":["L_TrustCenter","L_Security","L_VisioOptions","L_MicrosoftVisio"],"application":"visio16","key":"software\\microsoft\\office\\16.0\\visio\\security","valueName":"notbpromptunsignedaddin"},{"parentCategory":{"ref":"L_TrustCenter"},"supportedOn":{"ref":"windows:SUPPORTED_Windows7"},"enabledValue":{"decimal":{"value":1}},"disabledValue":{"decimal":{"value":0}},"name":"L_AllowTrustedLocationsOnTheNetwork","displayName":"Autoriser les emplacements approuvés sur le réseau","explainText":"Ce paramètre de stratégie contrôle l’utilisation ou non des emplacements approuvés sur le réseau.\n\nSi vous activez ce paramètre de stratégie, les utilisateurs peuvent spécifier des emplacements approuvés sur des partages réseau ou à d’autres emplacements distants qu’ils ne contrôlent pas directement en cliquant sur le bouton Ajouter un nouvel emplacement de la section Emplacements approuvés du Centre de gestion de la confidentialité. Le contenu, le code et les compléments peuvent être chargés à partir d’emplacements approuvés avec une sécurité minimale et sans demander l’autorisation à l’utilisateur.\n\nSi vous désactivez ce paramètre de stratégie, l’application sélectionnée ignore les emplacements réseau répertoriés dans la section Emplacements approuvés du Centre de gestion de la confidentialité.\n\nSi vous déployez également des emplacements approuvés via la stratégie de groupe, vous devez vérifier s’ils correspondent à des emplacements distants. Si c’est le cas et si vous n’autorisez pas d’emplacements distants via ce paramètre de stratégie, les clés de la stratégie qui pointent vers les emplacements distants sont ignorées sur les ordinateurs clients.\n\nLa désactivation de ce paramètre de stratégie n’entraîne pas la suppression des emplacements réseau de la liste Emplacements approuvés, mais engendre des problèmes d’utilisation pour les utilisateurs ajoutant des emplacements réseau à la liste Emplacements approuvés. Les utilisateurs ne peuvent également pas ajouter de nouveaux emplacements réseau à la liste Emplacements approuvés du Centre de gestion de la confidentialité. Nous vous recommandons de ne pas activer ce paramètre de stratégie (comme l’indique la case à cocher «\u00A0Autoriser les emplacements approuvés sur mon réseau (non recommandé)\u00A0»). Par conséquent, dans la pratique, il doit être possible de le désactiver dans la plupart des cas sans entraîner de problèmes d’utilisation significatifs pour la majorité des utilisateurs.\n\nSi vous n’activez pas ce paramètre de stratégie, les utilisateurs peuvent, s’ils le souhaitent, cocher la case «\u00A0Autoriser les emplacements approuvés sur mon réseau (non recommandé)\u00A0», puis spécifier des emplacements approuvés en cliquant sur le bouton Ajouter un nouvel emplacement.","tags":["L_TrustCenter","L_Security","L_VisioOptions","L_MicrosoftVisio"],"application":"visio16","key":"software\\microsoft\\office\\16.0\\visio\\security\\trusted locations","valueName":"allownetworklocations"},{"parentCategory":{"ref":"L_TrustCenter"},"supportedOn":{"ref":"windows:SUPPORTED_Windows7"},"enabledValue":{"decimal":{"value":1}},"disabledValue":{"decimal":{"value":0}},"name":"L_DisableTrustedLoc","displayName":"Désactiver tous les emplacements approuvés","explainText":"Ce paramètre de stratégie permet aux administrateurs de désactiver tous les emplacements approuvés dans les versions\u00A02016 des applications spécifiées. Les emplacements approuvés spécifiés dans le Centre de gestion de la confidentialité sont utilisés pour définir les emplacements supposés fiables. Le chargement du contenu, du code et des compléments est autorisé à partir des emplacements approuvés avec une sécurité minimale, sans demander l’autorisation des utilisateurs. Si un fichier dangereux est ouvert à partir d’un emplacement approuvé, il n’est pas soumis aux mesures de sécurité standard, et peut endommager les ordinateurs et les données.\n \nSi vous activez ce paramètre de stratégie, les emplacements approuvés (spécifiés dans le Centre de gestion de la confidentialité) dans les versions\u00A02016 des applications spécifiées sont ignorés, y compris les emplacements approuvés créés par Office pendant l’installation, déployés vers les utilisateurs à l’aide d’une stratégie de groupe, ou ajoutés par les utilisateurs. Une invite s’affiche à nouveau lors de l’ouverture de fichiers à partir d’emplacements approuvés.\n\nSi vous désactivez ce paramètre de stratégie ou si vous ne le configurez pas, les emplacements approuvés (spécifiés dans le Centre de gestion de la confidentialité) dans les versions\u00A02016 des applications spécifiées sont supposés fiables.","tags":["L_TrustCenter","L_Security","L_VisioOptions","L_MicrosoftVisio"],"application":"visio16","key":"software\\microsoft\\office\\16.0\\visio\\security\\trusted locations","valueName":"alllocationsdisabled"},{"parentCategory":{"ref":"L_FileBlockSettings"},"supportedOn":{"ref":"windows:SUPPORTED_Windows7"},"elements":{"items":[{"item":[{"value":{"decimal":{"value":0}},"displayName":"Ne pas bloquer"},{"value":{"decimal":{"value":1}},"displayName":"Enregistrement bloqué"},{"value":{"decimal":{"value":2}},"displayName":"Enregistrement/fermeture bloqués"}],"valueName":"visio2003files","inputType":"dropdownList","caption":"Paramètre de blocage des fichiers\u00A0:","id":"L_Visio2003FilesDropID"}]},"name":"L_Visio2003Files","displayName":"Gabarits, modèles et dessins binaires Visio 2003-2010","explainText":"Ce paramètre de stratégie vous permet de déterminer si les utilisateurs peuvent ouvrir ou enregistrer les fichiers Visio au format spécifié par le titre de ce paramètre de stratégie.\n\nSi vous activez ce paramètre de stratégie, vous pouvez spécifier si les utilisateurs peuvent ouvrir ou enregistre les fichiers.\n\nLes options suivantes peuvent être sélectionnées.  Remarque\u00A0: il est possible que toutes les options ne soient pas disponibles pour ce paramètre de stratégie.\n\n- Ne pas bloquer\u00A0: le type de fichier ne sera pas bloqué.\n\n- Enregistrement bloqué\u00A0: l’enregistrement de ce type de fichier sera bloqué.\n\n- Ouverture/enregistrement bloqués\u00A0: l’ouverture et l’enregistrement de ce type de fichier seront bloqués.\n\nSi vous désactivez ce paramètre de stratégie ou ne le configurez pas, le type de fichier ne sera pas bloqué.","tags":["L_FileBlockSettings","L_TrustCenter","L_Security","L_VisioOptions","L_MicrosoftVisio"],"application":"visio16","key":"software\\microsoft\\office\\16.0\\visio\\security\\fileblock"},{"parentCategory":{"ref":"L_FileBlockSettings"},"supportedOn":{"ref":"windows:SUPPORTED_Windows7"},"elements":{"items":[{"item":[{"value":{"decimal":{"value":0}},"displayName":"Ne pas bloquer"},{"value":{"decimal":{"value":2}},"displayName":"Enregistrement/fermeture bloqués"}],"valueName":"visio2000files","inputType":"dropdownList","caption":"Paramètre de blocage des fichiers\u00A0:","id":"L_Visio2000FilesDropID"}]},"name":"L_Visio2000Files","displayName":"Gabarits, modèles et dessins binaires Visio 2000-2002","explainText":"Ce paramètre de stratégie vous permet de déterminer si les utilisateurs peuvent ouvrir ou enregistrer les fichiers Visio au format spécifié par le titre de ce paramètre de stratégie.\n\nSi vous activez ce paramètre de stratégie, vous pouvez spécifier si les utilisateurs peuvent ouvrir ou enregistrer des fichiers.\n\nLes options suivantes peuvent être sélectionnées.  Remarque\u00A0: il est possible que toutes les options ne soient pas disponibles pour ce paramètre de stratégie.\n\n- Ne pas bloquer\u00A0: le type de fichier ne sera pas bloqué.\n\n- Enregistrement bloqué\u00A0: l’enregistrement de ce type de fichier sera bloqué.\n\n- Ouverture/enregistrement bloqués\u00A0: l’ouverture et l’enregistrement de ce type de fichier seront bloqués.\n\nSi vous désactivez ce paramètre de stratégie ou ne le configurez pas, le type de fichier sera bloqué.","tags":["L_FileBlockSettings","L_TrustCenter","L_Security","L_VisioOptions","L_MicrosoftVisio"],"application":"visio16","key":"software\\microsoft\\office\\16.0\\visio\\security\\fileblock"},{"parentCategory":{"ref":"L_FileBlockSettings"},"supportedOn":{"ref":"windows:SUPPORTED_Windows7"},"elements":{"items":[{"item":[{"value":{"decimal":{"value":0}},"displayName":"Ne pas bloquer"},{"value":{"decimal":{"value":2}},"displayName":"Enregistrement/fermeture bloqués"}],"valueName":"visio50andearlierfiles","inputType":"dropdownList","caption":"Paramètre de blocage des fichiers\u00A0:","id":"L_Visio50AndEarlierFilesDropID"}]},"name":"L_Visio50AndEarlierFiles","displayName":"Gabarits, modèles et dessins binaires Visio 5.0 ou version antérieure","explainText":"Ce paramètre de stratégie vous permet de déterminer si les utilisateurs peuvent ouvrir ou enregistrer les fichiers Visio au format spécifié par le titre de ce paramètre de stratégie.\n\nSi vous activez ce paramètre de stratégie, vous pouvez spécifier si les utilisateurs peuvent ouvrir ou enregistrer des fichiers.\n\nLes options suivantes peuvent être sélectionnées.  Remarque\u00A0: il est possible que toutes les options ne soient pas disponibles pour ce paramètre de stratégie.\n\n- Ne pas bloquer\u00A0: le type de fichier ne sera pas bloqué.\n\n- Enregistrement bloqué\u00A0: l’enregistrement de ce type de fichier sera bloqué.\n\n- Ouverture/enregistrement bloqués\u00A0: l’ouverture et l’enregistrement de ce type de fichier seront bloqués.\n\nSi vous désactivez ce paramètre de stratégie ou ne le configurez pas, le type de fichier sera bloqué.","tags":["L_FileBlockSettings","L_TrustCenter","L_Security","L_VisioOptions","L_MicrosoftVisio"],"application":"visio16","key":"software\\microsoft\\office\\16.0\\visio\\security\\fileblock"},{"parentCategory":{"ref":"L_MacroSecurity"},"supportedOn":{"ref":"windows:SUPPORTED_Windows7"},"enabledValue":{"string":"1"},"disabledValue":{"string":"0"},"name":"L_LoadMicrosoftVisualBasicforApplicationsprojectsf","displayName":"Lancer les projets Microsoft Visual Basic pour Applications à partir du texte","explainText":"Si vous souhaitez utiliser dans votre projet VBA des dessins créés avec d’autres versions de Visio, sélectionnez cette option afin que votre projet VBA soit compilé lors du chargement du fichier, mais jamais enregistré.","tags":["L_MacroSecurity","L_Security","L_VisioOptions","L_MicrosoftVisio"],"application":"visio16","key":"software\\microsoft\\office\\16.0\\visio\\application","valueName":"loadvbaprojectsfromtext"},{"parentCategory":{"ref":"L_MacroSecurity"},"supportedOn":{"ref":"windows:SUPPORTED_Windows7"},"enabledValue":{"string":"1"},"disabledValue":{"string":"0"},"name":"L_EnableMicrosoftVisualBasicforApplicationsproject","displayName":"Activer la création de projet Microsoft Visual Basic pour Applications","explainText":"Permet la création de projets VBA lorsque vous ouvrez (ou créez) un document ne contenant pas déjà un projet. Si vous désactivez cette case à cocher, vous ne pouvez pas créer de macro dans un document ne contenant pas déjà un projet.","tags":["L_MacroSecurity","L_Security","L_VisioOptions","L_MicrosoftVisio"],"application":"visio16","key":"software\\microsoft\\office\\16.0\\visio\\application","valueName":"createvbaprojects"},{"parentCategory":{"ref":"L_EditingOptions"},"supportedOn":{"ref":"windows:SUPPORTED_Windows7"},"enabledValue":{"string":"0"},"disabledValue":{"string":"1"},"name":"L_TurnOffTransitions","displayName":"Désactiver les transitions","explainText":"Ce paramètre de stratégie vous permet de configurer des transitions, qui sont des effets d’animation.\n\nSi vous activez ce paramètre de stratégie, les transitions sont désactivées.\n\nSi vous désactivez ou ne configurez pas ce paramètre de stratégie, les transitions sont activées.","tags":["L_EditingOptions","L_Advanced","L_VisioOptions","L_MicrosoftVisio"],"application":"visio16","key":"software\\microsoft\\office\\16.0\\visio\\application","valueName":"transitionsenabled"},{"parentCategory":{"ref":"L_EditingOptions"},"supportedOn":{"ref":"windows:SUPPORTED_Windows7"},"enabledValue":{"string":"0"},"disabledValue":{"string":"1"},"name":"L_TurnOffSmartDeleteBehaviorOfConnectorsWhenDeletingShapes","displayName":"Désactiver la suppression dynamique des connecteurs lors de la suppression de formes","explainText":"Ce paramètre de stratégie désactive la suppression dynamique des connecteurs lors de la suppression de formes.\n\nSi vous activez ce paramètre de stratégie, les connecteurs ne sont pas supprimés lors de la suppression de formes.\n\nSi vous désactivez ou ne configurez pas ce paramètre de stratégie, les connecteurs sont supprimés lors de la suppression de formes.","tags":["L_EditingOptions","L_Advanced","L_VisioOptions","L_MicrosoftVisio"],"application":"visio16","key":"software\\microsoft\\office\\16.0\\visio\\application","valueName":"deleteconnectorsenabled"},{"parentCategory":{"ref":"L_EditingOptions"},"supportedOn":{"ref":"windows:SUPPORTED_Windows7"},"enabledValue":{"string":"0"},"disabledValue":{"string":"1"},"name":"L_TurnOffShapeSheetFormulaAutoComplete","displayName":"Désactiver la saisie semi-automatique de la formule ShapeSheet","explainText":"Ce paramètre de stratégie vous permet de configurer la saisie semi-automatique de la formule ShapeSheet.\n\nSi vous activez ce paramètre de stratégie, la saisie semi-automatique de la formule ShapeSheet est désactivée.\n\nSi vous désactivez ou ne configurez pas ce paramètre de stratégie, la saisie semi-automatique de la formule ShapeSheet est activée.","tags":["L_EditingOptions","L_Advanced","L_VisioOptions","L_MicrosoftVisio"],"application":"visio16","key":"software\\microsoft\\office\\16.0\\visio\\application","valueName":"formulaautocomplete"},{"parentCategory":{"ref":"L_GeneralOptions"},"supportedOn":{"ref":"windows:SUPPORTED_Windows7"},"enabledValue":{"string":"1"},"disabledValue":{"string":"0"},"name":"L_OpeneachShapeSheetinthesamewindow","displayName":"Ouvrir toutes les feuilles ShapeSheet dans la même fenêtre","explainText":"Ouvre plusieurs feuilles ShapeSheet dans la même fenêtre plutôt que d’afficher chaque feuille ShapeSheet dans sa propre fenêtre.","tags":["L_GeneralOptions","L_Advanced","L_VisioOptions","L_MicrosoftVisio"],"application":"visio16","key":"software\\microsoft\\office\\16.0\\visio\\document","valueName":"recycleshapesheetwindow"},{"parentCategory":{"ref":"L_GeneralOptions"},"supportedOn":{"ref":"windows:SUPPORTED_Windows7"},"enabledValue":{"string":"1"},"disabledValue":{"string":"0"},"name":"L_PutallsettingsinWindowsregistry","displayName":"Placer les paramètres dans le Registre de Windows","explainText":"Ajoute tous les paramètres d’applications possibles dans le Registre de Windows. Par défaut, seuls certains paramètres sont ajoutés pour conserver des paramètres de Registre simples (paramètres autres que ceux par défaut et quelques autres, comme les chemins d’accès aux fichiers, les filtres d’importation et d’exportation, et les derniers fichiers).","tags":["L_GeneralOptions","L_Advanced","L_VisioOptions","L_MicrosoftVisio"],"application":"visio16","key":"software\\microsoft\\office\\16.0\\visio\\application","valueName":"putallinregistry"},{"parentCategory":{"ref":"L_GeneralOptions"},"supportedOn":{"ref":"windows:SUPPORTED_Windows7"},"enabledValue":{"string":"1"},"disabledValue":{"string":"0"},"name":"L_EnableAutomationevents","displayName":"Activer les événements d’automation","explainText":"Permet l’envoi des événements Visio aux composants Visio et aux macros VBA. Si vous désactivez cette option, tous les événements Visio sont désactivés, et certains types de dessins Visio qui dépendent des événements d’automation risquent de ne pas disposer de toutes les fonctionnalités.","tags":["L_GeneralOptions","L_Advanced","L_VisioOptions","L_MicrosoftVisio"],"application":"visio16","key":"software\\microsoft\\office\\16.0\\visio\\application","valueName":"eventsenabled"},{"parentCategory":{"ref":"L_FileLocations"},"supportedOn":{"ref":"windows:SUPPORTED_Windows7"},"elements":{"items":[{"valueName":"drawingspath","requiredSpecified":false,"expandableSpecified":false,"maxLength":2147483647,"maxLengthSpecified":false,"inputType":"textBox","caption":"Dessins\u00A0:","id":"L_Drawingscolon"}]},"name":"L_Drawings","displayName":"Dessins","explainText":"Affiche l’emplacement supplémentaire des dessins. Lorsque vous ajoutez un emplacement ici, il devient l’emplacement d’enregistrement par défaut.","tags":["L_FileLocations","L_Advanced","L_VisioOptions","L_MicrosoftVisio"],"application":"visio16","key":"software\\microsoft\\office\\16.0\\visio\\application"},{"parentCategory":{"ref":"L_FileLocations"},"supportedOn":{"ref":"windows:SUPPORTED_Windows7"},"elements":{"items":[{"valueName":"templatepath","requiredSpecified":false,"expandableSpecified":false,"maxLength":2147483647,"maxLengthSpecified":false,"inputType":"textBox","caption":"Modèles\u00A0:","id":"L_Templatescolon"}]},"name":"L_Templates","displayName":"Modèles","explainText":"Ce paramètre de stratégie vous permet de spécifier l’emplacement supplémentaire des modèles.\n\nSi vous activez ce paramètre de stratégie, vous pouvez spécifier l’emplacement supplémentaire des modèles. Ces emplacements s’affichent dans l’écran Nouveau de l’onglet Fichier.\n\nSi vous désactivez ou ne configurez pas ce paramètre de stratégie, aucun emplacement supplémentaire de modèles ne s’affiche.","tags":["L_FileLocations","L_Advanced","L_VisioOptions","L_MicrosoftVisio"],"application":"visio16","key":"software\\microsoft\\office\\16.0\\visio\\application"},{"parentCategory":{"ref":"L_FileLocations"},"supportedOn":{"ref":"windows:SUPPORTED_Windows7"},"elements":{"items":[{"valueName":"stencilpath","requiredSpecified":false,"expandableSpecified":false,"maxLength":2147483647,"maxLengthSpecified":false,"inputType":"textBox","caption":"Gabarits\u00A0:","id":"L_Stencilscolon"}]},"name":"L_Stencils","displayName":"Gabarits","explainText":"Affiche l’emplacement supplémentaire des gabarits. Lorsqu’un emplacement est ajouté ici, les gabarits de cet emplacement sont listés dans le sous-menu Formes du menu Fichier.","tags":["L_FileLocations","L_Advanced","L_VisioOptions","L_MicrosoftVisio"],"application":"visio16","key":"software\\microsoft\\office\\16.0\\visio\\application"},{"parentCategory":{"ref":"L_FileLocations"},"supportedOn":{"ref":"windows:SUPPORTED_Windows7"},"elements":{"items":[{"valueName":"helppath","requiredSpecified":false,"expandableSpecified":false,"maxLength":2147483647,"maxLengthSpecified":false,"inputType":"textBox","caption":"Aide\u00A0:","id":"L_Helpcolon"}]},"name":"L_Help","displayName":"Aide\u00A0","explainText":"Affiche l’emplacement supplémentaire des fichiers d’aide.","tags":["L_FileLocations","L_Advanced","L_VisioOptions","L_MicrosoftVisio"],"application":"visio16","key":"software\\microsoft\\office\\16.0\\visio\\application"},{"parentCategory":{"ref":"L_FileLocations"},"supportedOn":{"ref":"windows:SUPPORTED_Windows7"},"elements":{"items":[{"valueName":"addonspath","requiredSpecified":false,"expandableSpecified":false,"maxLength":2147483647,"maxLengthSpecified":false,"inputType":"textBox","caption":"Modules complémentaires\u00A0:","id":"L_Addonscolon"}]},"name":"L_Addons","displayName":"Modules complémentaires","explainText":"Affiche l’emplacement supplémentaire des macros et modules complémentaires.","tags":["L_FileLocations","L_Advanced","L_VisioOptions","L_MicrosoftVisio"],"application":"visio16","key":"software\\microsoft\\office\\16.0\\visio\\application"},{"parentCategory":{"ref":"L_FileLocations"},"supportedOn":{"ref":"windows:SUPPORTED_Windows7"},"elements":{"items":[{"valueName":"startuppath","requiredSpecified":false,"expandableSpecified":false,"maxLength":2147483647,"maxLengthSpecified":false,"inputType":"textBox","caption":"Démarrage\u00A0:","id":"L_Startupcolon"}]},"name":"L_Startup","displayName":"Démarrage","explainText":"Affiche l’emplacement supplémentaire des macros et modules complémentaires ouverts au démarrage de Visio.","tags":["L_FileLocations","L_Advanced","L_VisioOptions","L_MicrosoftVisio"],"application":"visio16","key":"software\\microsoft\\office\\16.0\\visio\\application"},{"parentCategory":{"ref":"L_FileLocations"},"supportedOn":{"ref":"windows:SUPPORTED_Windows7"},"elements":{"items":[{"valueName":"myshapespath","requiredSpecified":false,"expandableSpecified":false,"maxLength":2147483647,"maxLengthSpecified":false,"inputType":"textBox","caption":"Mes formes\u00A0:","id":"L_MyShapescolon"}]},"name":"L_MyShapes","displayName":"Mes formes\u00A0","explainText":"Affiche le chemin d’accès au dossier Mes formes.","tags":["L_FileLocations","L_Advanced","L_VisioOptions","L_MicrosoftVisio"],"application":"visio16","key":"software\\microsoft\\office\\16.0\\visio\\application"},{"parentCategory":{"ref":"L_FileLocations"},"supportedOn":{"ref":"windows:SUPPORTED_Windows7"},"elements":{"items":[{"valueName":"favoritesstencilname","requiredSpecified":false,"expandableSpecified":false,"maxLength":2147483647,"maxLengthSpecified":false,"inputType":"textBox","caption":"Nom du gabarit de favoris\u00A0:","id":"L_FavoritesStencilNamecolon"}]},"name":"L_FavoritesStencilName","displayName":"Nom du gabarit de favoris\u00A0","explainText":"Affiche le nom du gabarit créé dans le dossier Mes formes contenant les formes favorites de l’utilisateur.","tags":["L_FileLocations","L_Advanced","L_VisioOptions","L_MicrosoftVisio"],"application":"visio16","key":"software\\microsoft\\office\\16.0\\visio\\application"},{"parentCategory":{"ref":"L_AutoCorrectOptions"},"supportedOn":{"ref":"windows:SUPPORTED_Windows7"},"enabledValue":{"decimal":{"value":1}},"disabledValue":{"decimal":{"value":0}},"name":"L_Straightquoteswithsmartquotes","displayName":"Guillemets typographiques par des guillemets","explainText":"Active/désactive l’option d’interface utilisateur correspondante.","tags":["L_AutoCorrectOptions","L_Proofing","L_VisioOptions","L_MicrosoftVisio"],"application":"visio16","key":"software\\microsoft\\office\\16.0\\visio\\autoformat as you type","valueName":"smartquotes"},{"parentCategory":{"ref":"L_AutoCorrectOptions"},"supportedOn":{"ref":"windows:SUPPORTED_Windows7"},"enabledValue":{"decimal":{"value":1}},"disabledValue":{"decimal":{"value":0}},"name":"L_Fractionswithfractioncharacter","displayName":"Fractions avec caractère de fraction","explainText":"Active/désactive l’option d’interface utilisateur correspondante.","tags":["L_AutoCorrectOptions","L_Proofing","L_VisioOptions","L_MicrosoftVisio"],"application":"visio16","key":"software\\microsoft\\office\\16.0\\visio\\autoformat as you type","valueName":"fractions"},{"parentCategory":{"ref":"L_AutoCorrectOptions"},"supportedOn":{"ref":"windows:SUPPORTED_Windows7"},"enabledValue":{"decimal":{"value":1}},"disabledValue":{"decimal":{"value":0}},"name":"L_Ordinalswithsuperscript","displayName":"Ordinaux avec exposant","explainText":"Active/désactive l’option d’interface utilisateur correspondante.","tags":["L_AutoCorrectOptions","L_Proofing","L_VisioOptions","L_MicrosoftVisio"],"application":"visio16","key":"software\\microsoft\\office\\16.0\\visio\\autoformat as you type","valueName":"ordinals"},{"parentCategory":{"ref":"L_AutoCorrectOptions"},"supportedOn":{"ref":"windows:SUPPORTED_Windows7"},"enabledValue":{"decimal":{"value":1}},"disabledValue":{"decimal":{"value":0}},"name":"L_Hyphenswithdash","displayName":"Traits d’union avec tiret","explainText":"Active/désactive l’option d’interface utilisateur correspondante.","tags":["L_AutoCorrectOptions","L_Proofing","L_VisioOptions","L_MicrosoftVisio"],"application":"visio16","key":"software\\microsoft\\office\\16.0\\visio\\autoformat as you type","valueName":"dashes"},{"parentCategory":{"ref":"L_AutoCorrectOptions"},"supportedOn":{"ref":"windows:SUPPORTED_Windows7"},"enabledValue":{"decimal":{"value":1}},"disabledValue":{"decimal":{"value":0}},"name":"L_Smileyfacesandarrowswithspecialsymbols","displayName":"Sourires\u00A0et flèches avec symboles spéciaux","explainText":"Active/désactive l’option d’interface utilisateur correspondante.","tags":["L_AutoCorrectOptions","L_Proofing","L_VisioOptions","L_MicrosoftVisio"],"application":"visio16","key":"software\\microsoft\\office\\16.0\\visio\\autoformat as you type","valueName":"smileys"},{"parentCategory":{"ref":"L_Miscellaneous"},"supportedOn":{"ref":"windows:SUPPORTED_Windows7"},"elements":{"items":[{"valueName":"sendtoemailmsgstring","requiredSpecified":false,"expandableSpecified":false,"maxLength":2147483647,"maxLengthSpecified":false,"inputType":"textBox","caption":"Message électronique pour les commandes Envoyer à","id":"L_emailmessageforsendtocommands101"}]},"name":"L_EmailmessageforSendtocommands","displayName":"Message électronique pour les commandes Envoyer à","explainText":"Commande du sous-menu Envoyer à du menu Fichier.","tags":["L_Miscellaneous","L_MicrosoftVisio"],"application":"visio16","key":"software\\microsoft\\office\\16.0\\visio\\application"},{"parentCategory":{"ref":"L_Display"},"supportedOn":{"ref":"windows:SUPPORTED_Windows7"},"elements":{"items":[{"valueName":"max display","minValue":0,"minValueSpecified":true,"maxValue":50,"maxValueSpecified":true,"inputType":"decimalTextBox","caption":"Nombre d’entrées\u00A0: ","id":"L_Numberofentries"}]},"name":"L_Recentlyusedfilelist","displayName":"Nombre d’entrées dans la liste Dessins récents","explainText":"Ce paramètre de stratégie vous permet de définir le nombre d’entrées affichées dans la liste Dessins récents qui apparaît quand les utilisateurs cliquent sur Ouvrir, sous l’onglet Fichier en mode Backstage. \n\nSi vous activez ce paramètre de stratégie, vous pouvez spécifier un nombre d’entrées compris entre 0 et 50. Si vous définissez le nombre sur 0, toutes les entrées épinglées et détachées sont masquées.\n\nSi vous désactivez ce paramètre de stratégie ou si vous ne le configurez pas, 25\u00A0éléments au maximum sont affichés dans la liste Dessins récents.\n\nRemarque\u00A0: si vous voulez empêcher l’ajout d’éléments à la liste Dessins récents, vous pouvez activer le paramètre de stratégie Windows «\u00A0Ne pas conserver d’historique des documents récemment ouverts\u00A0».","tags":["L_Display","L_Advanced","L_VisioOptions","L_MicrosoftVisio"],"application":"visio16","key":"software\\microsoft\\office\\16.0\\visio\\file mru"},{"parentCategory":{"ref":"L_Display"},"supportedOn":{"ref":"windows:SUPPORTED_Windows7"},"elements":{"items":[{"valueName":"max display","minValue":0,"minValueSpecified":true,"maxValue":20,"maxValueSpecified":true,"inputType":"decimalTextBox","caption":"Nombre de dossiers\u00A0: ","id":"L_SetNumberOfPlacesInTheRecentPlacesListSpinID"}]},"name":"L_SetNumberOfPlacesInTheRecentPlacesList","displayName":"Nombre de dossiers dans la liste Dossiers récents","explainText":"Ce paramètre de stratégie vous permet de définir le nombre d’entrées détachées qui sont affichées dans la liste Dossiers récents qui apparaît quand les utilisateurs cliquent sur Ouvrir ou sur Enregistrer sous, sous l’onglet Fichier en mode Backstage.\n\nSi vous activez ce paramètre de stratégie, vous pouvez spécifier un nombre d’entrées détachées compris entre 0 et 20. Si vous définissez le nombre sur 0, toutes les entrées épinglées et détachées sont masquées.\n\nSi vous désactivez ce paramètre de stratégie ou si vous ne le configurez pas, 5\u00A0éléments détachés au maximum sont affichés dans la liste Dossiers récents.\n\nRemarque\u00A0: si vous voulez empêcher l’ajout d’éléments à la liste Dossiers récents, vous pouvez activer le paramètre de stratégie Windows «\u00A0Ne pas conserver d’historique des documents récemment ouverts\u00A0».","tags":["L_Display","L_Advanced","L_VisioOptions","L_MicrosoftVisio"],"application":"visio16","key":"software\\microsoft\\office\\16.0\\visio\\place mru"},{"parentCategory":{"ref":"L_Miscellaneous"},"supportedOn":{"ref":"windows:SUPPORTED_Windows7"},"enabledValue":{"decimal":{"value":1}},"disabledValue":{"decimal":{"value":0}},"name":"L_DisableOfficeStartVisio","displayName":"Désactiver l’écran de démarrage d’Office pour Visio","explainText":"Ce paramètre de stratégie contrôle l’affichage de l’écran de démarrage d’Office au démarrage de Visio.\n\nSi vous l’activez, les utilisateurs ne voient pas l’écran de démarrage d’Office au démarrage de Visio.\n\nSi vous le désactivez ou ne le configurez pas, les utilisateurs voient l’écran de démarrage d’Office au démarrage de Visio.\n\nRemarque\u00A0: ce paramètre de stratégie est remplacé par le paramètre «\u00A0Microsoft Office\u00A02016 > Divers > Désactiver l’écran de démarrage d’Office pour toutes les applications Office\u00A0» si ce dernier est défini.","tags":["L_Miscellaneous","L_MicrosoftVisio"],"application":"visio16","key":"software\\microsoft\\office\\16.0\\visio\\application","valueName":"disableboottoofficestart"},{"parentCategory":{"ref":"L_Miscellaneous"},"supportedOn":{"ref":"windows:SUPPORTED_Windows7"},"elements":{"items":[{"valueName":"personaltemplates","requiredSpecified":false,"expandable":true,"expandableSpecified":true,"maxLength":2147483647,"maxLengthSpecified":false,"inputType":"textBox","caption":"Chemin d’accès aux modèles personnels","id":"L_PersonalTemplatesPath"}]},"name":"L_PersonalTemplatesPath","displayName":"Chemin d’accès aux modèles personnels pour Visio","explainText":"Ce paramètre de stratégie spécifie l’emplacement des modèles personnels d’un utilisateur. \n\nSi vous activez ce paramètre de stratégie, les utilisateurs ne verront pas les modèles enregistrés dans l’emplacement spécifié sous l’onglet modèles personnalisés de l’écran de démarrage d’Office et dans Fichier | Nouveau. En outre, lors de l’enregistrement d’un modèle, leur dossier par défaut deviendra l’emplacement spécifié. \n\nSi vous désactivez ou ne configurez pas ce paramètre de stratégie, les utilisateurs ne verront pas les modèles enregistrés sous l’onglet modèles personnalisés de l’écran de démarrage d’Office et dans Fichier | Nouveau. En outre, lors de l’enregistrement d’un modèle, leur dossier par défaut sera leur emplacement d’enregistrement de documents.","tags":["L_Miscellaneous","L_MicrosoftVisio"],"application":"visio16","key":"software\\microsoft\\office\\16.0\\visio\\application"},{"parentCategory":{"ref":"L_Miscellaneous"},"supportedOn":{"ref":"windows:SUPPORTED_Windows7"},"elements":{"items":[{"item":[{"value":{"decimal":{"value":0}},"displayName":"Proposés"},{"value":{"decimal":{"value":2}},"displayName":"Intégrés"},{"value":{"decimal":{"value":1}},"displayName":"Personnalisés"}],"valueName":"officestartdefaulttab","inputType":"dropdownList","caption":"Onglet par défaut","id":"L_DefaultBuiltInTab"}]},"name":"L_DefaultBuiltInTab","displayName":"Onglet par défaut à afficher dans Visio sur l’écran de démarrage d’Office et dans Fichier | Nouveau","explainText":"Ce paramètre de stratégie contrôle l’affichage de l’onglet par défaut dans Visio sur l’écran de démarrage d’Office et dans Fichier | Nouveau. \n\nSi vous l’activez, vous pouvez choisir l’une de deux options comme onglet par défaut sur l’écran de démarrage d’Office et dans Fichier | Nouveau\u00A0:\n\n* Intégrés – Les utilisateurs voient l’onglet Modèles intégrés comme onglet par défaut dans Visio sur l’écran de démarrage d’Office et dans Fichier | Nouveau.\n\n* Personnalisés – Les utilisateurs voient l’onglet Modèles personnalisés comme onglet par défaut dans Visio sur l’écran de démarrage d’Office et dans Fichier | Nouveau lorsque des modèles existent (il peut s’agir de modèles programmés XML personnalisés, de modèles figurant dans le chemin d’accès des modèles du groupe de travail, de modèles figurant dans le chemin d’accès des modèles personnels, ou de modèles SharePoint).\n\nSi vous le désactivez ou ne le configurez pas, les utilisateurs voient l’onglet Modèles proposé comme onglet par défaut dans Visio sur l’écran de démarrage d’Office et dans Fichier | Nouveau","tags":["L_Miscellaneous","L_MicrosoftVisio"],"application":"visio16","key":"software\\microsoft\\office\\16.0\\visio\\application"},{"parentCategory":{"ref":"L_Proofing"},"supportedOn":{"ref":"windows:SUPPORTED_Windows7"},"enabledValue":{"decimal":{"value":1}},"disabledValue":{"decimal":{"value":0}},"name":"L_DisableVisioRnRPane","displayName":"Désactiver les fonctionnalités de recherche et de traduction dans Visio","explainText":"\n        Ce paramètre de stratégie contrôle si les fonctionnalités recherche et traduction apparaissent dans Visio.\n\n        Si vous activez ce paramètre de stratégie, les utilisateurs ne verront pas les fonctions de recherche et de traduction dans Visio.\n\n       Si vous désactivez ou ne configurez pas ce paramètre de stratégie, les utilisateurs verront les fonctions de recherche et de traduction dans Visio.\n\n        Remarque\u00A0: ce paramètre de stratégie s'applique uniquement à Visio LTSC 2021.\n      ","tags":["L_Proofing","L_VisioOptions","L_MicrosoftVisio"],"application":"visio16","key":"software\\microsoft\\office\\16.0\\visio\\application","valueName":"disablevisiornrpane"},{"parentCategory":{"ref":"L_Advanced"},"supportedOn":{"ref":"windows:SUPPORTED_Windows7"},"enabledList":[{"value":{"string":"true"},"valueName":"Microsoft.Office.UXPlatform.FluentSVRefresh"},{"value":{"string":"true"},"valueName":"Microsoft.Office.UXPlatform.RibbonTouchOptimization"},{"value":{"string":"true"},"valueName":"Microsoft.Office.UXPlatform.FluentSVRibbonOptionsMenu"}],"disabledList":[{"value":{"string":"false"},"valueName":"Microsoft.Office.UXPlatform.FluentSVRefresh"},{"value":{"string":"false"},"valueName":"Microsoft.Office.UXPlatform.RibbonTouchOptimization"},{"value":{"string":"false"},"valueName":"Microsoft.Office.UXPlatform.FluentSVRibbonOptionsMenu"}],"name":"L_visioVisualRefresh","displayName":"Paramètres de rafraîchissement visuel","explainText":"Activer ou désactiver le rafraîchissement visuel. Peut ne pas fonctionner pour certaines versions d'Office.\n\nDonnées fournies par Office Tool Plus.","tags":["L_Advanced"],"application":"visio16","key":"Software\\Microsoft\\Office\\16.0\\Common\\ExperimentConfigs\\ExternalFeatureOverrides\\visio"}]}