﻿<Strings>
<err0xC004B001>啟用伺服器判定這個授權無效。</err0xC004B001>
<err0xC004B002>啟用伺服器判定這個授權無效。</err0xC004B002>
<err0xC004B003>啟用伺服器判定這個授權無效。</err0xC004B003>
<err0xC004B004>啟用伺服器判定這個授權無效。</err0xC004B004>
<err0xC004B005>啟用伺服器判定這個授權無效。</err0xC004B005>
<err0xC004B006>啟用伺服器判定這個授權無效。</err0xC004B006>
<err0xC004B007>啟用伺服器報告指出電腦無法連線至啟用伺服器。</err0xC004B007>
<err0xC004B008>啟用伺服器判定這個產品無法啟用。</err0xC004B008>
<err0xC004B009>啟用伺服器判定這個授權無效。</err0xC004B009>
<err0xC004B010>啟用伺服器判斷找不到所需的商業權杖項目。</err0xC004B010>
<err0xC004B011>啟用伺服器已判斷出電腦時鐘的時間不正確。您必須更正時鐘後，才能啟用。</err0xC004B011>
<err0xC004B100>啟用伺服器判定這個產品無法啟用。</err0xC004B100>
<err0xC004C001>啟用伺服器判定所指定的產品金鑰不正確</err0xC004C001>
<err0xC004C002>啟用伺服器判定所指定的產品金鑰有問題。</err0xC004C002>
<err0xC004C003>啟用伺服器判定所指定的產品金鑰已被封鎖。</err0xC004C003>
<err0xC004C004>啟用伺服器判定所指定的產品金鑰不正確</err0xC004C004>
<err0xC004C005>啟用伺服器判定授權無效。</err0xC004C005>
<err0xC004C006>啟用伺服器判定授權無效。</err0xC004C006>
<err0xC004C007>啟用伺服器判定所指定的產品金鑰不正確</err0xC004C007>
<err0xC004C008>啟用伺服器報告產品金鑰已超過其解除鎖定限制。</err0xC004C008>
<err0xC004C009>啟用伺服器判定授權無效。</err0xC004C009>
<err0xC004C00A>啟用伺服器判定授權無效。</err0xC004C00A>
<err0xC004C00B>啟用伺服器判定授權無效。</err0xC004C00B>
<err0xC004C00C>啟用伺服器發生錯誤。</err0xC004C00C>
<err0xC004C00D>啟用伺服器判定產品金鑰不正確。</err0xC004C00D>
<err0xC004C00E>啟用伺服器判定所指定的產品金鑰不正確</err0xC004C00E>
<err0xC004C00F>啟用伺服器判定所指定的產品金鑰不正確</err0xC004C00F>
<err0xC004C010>啟用伺服器判定所指定的產品金鑰不正確</err0xC004C010>
<err0xC004C011>啟用伺服器判定授權無效。</err0xC004C011>
<err0xC004C012>啟用伺服器發生網路錯誤。</err0xC004C012>
<err0xC004C013>啟用伺服器發生錯誤。</err0xC004C013>
<err0xC004C014>啟用伺服器發生錯誤。</err0xC004C014>
<err0xC004C020>啟用伺服器報告多次啟用金鑰已超過其限制。</err0xC004C020>
<err0xC004C021>啟用伺服器報告已超過多次啟用金鑰延伸限制。</err0xC004C021>
<err0xC004C022>啟用伺服器報告找不到重新發行限制。 </err0xC004C022>
<err0xC004C023>啟用伺服器報告找不到覆寫要求。 </err0xC004C023>
<err0xC004C016>啟用伺服器報告所指定產品金鑰無法用於線上啟用。</err0xC004C016>
<err0xC004C017>啟用伺服器判定為此地理位置指定的產品金鑰已被封鎖。</err0xC004C017>
<err0xC004C015>啟用伺服器發生錯誤。</err0xC004C015>
<err0xC004C050>啟用伺服器發生一般錯誤。</err0xC004C050>
<err0xC004C030>啟用伺服器報告指出，在開始日期之前，曾嘗試時間限制的啟用。</err0xC004C030>
<err0xC004C031>啟用伺服器報告指出，在結束日期之後，曾嘗試時間限制的啟用。</err0xC004C031>
<err0xC004C032>The activation server reported that new time based activation not available.</err0xC004C032>
<err0xC004C033>啟用伺服器報告指出，未設定啟用的時間限制產品金鑰。</err0xC004C033>
<err0xC004C04F>啟用伺服器報告指出，沒有可用的商務規則來啟用指定的產品金鑰。</err0xC004C04F>
<err0xC004C051>啟用伺服器判定授權無效。</err0xC004C051>
<err0xC004C052>啟用伺服器判定所指定的產品金鑰有問題。</err0xC004C052>
<err0xC004C060>啟用伺服器判定所指定的產品金鑰已被封鎖。</err0xC004C060>
<err0xC004C3FF>啟用伺服器判斷無法以預期的格式使用 VGA 服務回應。</err0xC004C3FF>
<err0xC004C700>啟用伺服器報告指出，商務規則找不到必要的輸入。</err0xC004C700>
<err0xC004C750>啟用伺服器報告指出，指定給商務內容名稱與識別碼的是 NULL 值。</err0xC004C750>
<err0xC004C751>啟用伺服器報告指出，內容名稱指定的內容不明。</err0xC004C751>
<err0xC004C752>啟用伺服器報告指出，內容識別碼指定的內容不明。</err0xC004C752>
<err0xC004C755>啟用伺服器報告指出，它無法更新產品金鑰繫結。</err0xC004C755>
<err0xC004C756>啟用伺服器報告指出，它無法插入產品金鑰繫結。</err0xC004C756>
<err0xC004C757>啟用伺服器報告指出，它無法刪除產品金鑰繫結。</err0xC004C757>
<err0xC004C758>啟用伺服器報告指出，它無法處理產品金鑰繫結的輸入 XML。</err0xC004C758>
<err0xC004C75A>啟用伺服器報告指出，它無法插入產品金鑰內容。</err0xC004C75A>
<err0xC004C75B>啟用伺服器報告指出，它無法更析產品金鑰內容。</err0xC004C75B>
<err0xC004C75C>啟用伺服器報告指出，它無法刪除產品金鑰內容。</err0xC004C75C>
<err0xC004C764>啟用伺服器報告指出，產品金鑰類型不明。</err0xC004C764>
<err0xC004C770>啟用伺服器報告指出，其他使用者正在使用這種產品金鑰類型。</err0xC004C770>
<err0xC004C780>啟用伺服器報告指出，它無法插入產品金鑰記錄。</err0xC004C780>
<err0xC004C781>啟用伺服器報告指出，它無法更新產品金鑰記錄。</err0xC004C781>
<err0xC004C291>「正版驗證」判定授權狀態無效。</err0xC004C291>
<err0xC004C292>「正版驗證」判定授權狀態無效。</err0xC004C292>
<err0xC004C2F6>「正版驗證」判定驗證輸入範本識別碼無效。</err0xC004C2F6>
<err0xC004C2FA>「正版驗證」判定驗證輸入資料 Blob 無效。</err0xC004C2FA>
<err0xC004C327>「正版驗證」判定驗證輸入資料 Blob 參數無效。</err0xC004C327>
<err0xC004C328>「正版驗證」判定用戶端權杖資料無效。</err0xC004C328>
<err0xC004C329>「正版驗證」判定離線資料 Blob 無效。</err0xC004C329>
<err0xC004C32A>「正版驗證」判定離線資料 Blob 參數無效。</err0xC004C32A>
<err0xC004C32B>「正版驗證」判定驗證範本識別碼對於此版本的 Windows 作業系統而言無效。</err0xC004C32B>
<err0xC004C32C>「正版驗證」判定離線正版 Blob 已撤銷。</err0xC004C32C>
<err0xC004C32D>「正版驗證」判定找不到離線正版 Blob。</err0xC004C32D>
<err0xC004C401>「正版驗證」判定產品金鑰對於此版本的 Windows 作業系統而言無效。</err0xC004C401>
<err0xC004C4A1>「正版驗證」判定檔案雜湊無效。</err0xC004C4A1>
<err0xC004C4A2>「正版驗證」判定產品金鑰已被封鎖。</err0xC004C4A2>
<err0xC004C4A4>「正版驗證」判定產品金鑰類型無效。</err0xC004C4A4>
<err0xC004C4A5>「正版驗證」判定產品金鑰無效。</err0xC004C4A5>
<err0xC004C4A7>「正版驗證」判定 OEM 或 Volume 繫結資料無效。</err0xC004C4A7>
<err0xC004C4A8>「正版驗證」判定授權狀態無效。</err0xC004C4A8>
<err0xC004C4A9>「正版驗證」判定指定的產品金鑰在此地理位置中已被封鎖。</err0xC004C4A9>
<err0xC004C4AB>「正版驗證」偵測到 Windows 授權惡意探索。</err0xC004C4AB>
<err0xC004C4AC>「正版驗證」判定權杖啟用資料無效。</err0xC004C4AC>
<err0xC004C4AD>「正版驗證」偵測到 Windows 二進位檔案已遭竄改。</err0xC004C4AD>
<err0xC004C4AE>「正版驗證」偵測到 Windows 二進位檔案已遭竄改。</err0xC004C4AE>
<err0xC004C4AF>「正版驗證」判定 Active Directory 啟用資料無效。</err0xC004C4AF>
<err0xC004C4B0>「正版驗證」偵測到 Windows 授權惡意探索。</err0xC004C4B0>
<err0xC004C4B1>「正版驗證」偵測到 Windows 授權惡意探索。</err0xC004C4B1>
<err0xC004C600>「正版驗證」判定您的 Windows 不是正版的。</err0xC004C600>
<err0xC004C531>「正版驗證」偵測到 Windows 授權惡意探索。</err0xC004C531>
<err0xC004C532>「正版驗證」判定授權狀態因為寬限期已過而處於通知狀態。</err0xC004C532>
<err0xC004C533>「正版驗證」判定授權狀態處於通知狀態。</err0xC004C533>
<err0xC004E001>軟體授權服務判定指定的內容不正確。</err0xC004E001>
<err0xC004E002>軟體授權服務報告指出授權存放區包含不一致的資料。</err0xC004E002>
<err0xC004E003>軟體授權服務報告指出授權評估失敗。</err0xC004E003>
<err0xC004E004>軟體授權服務報告指出未評估授權。</err0xC004E004>
<err0xC004E005>軟體授權服務報告指出未啟動授權。</err0xC004E005>
<err0xC004E006>軟體授權服務報告指出授權包含無效資料。</err0xC004E006>
<err0xC004E007>軟體授權服務報告指出授權存放區沒有包含所要求的授權。</err0xC004E007>
<err0xC004E008>軟體授權服務報告指出授權內容無效。</err0xC004E008>
<err0xC004E009>軟體授權服務報告指出未初始化授權存放區。</err0xC004E009>
<err0xC004E00A>軟體授權服務報告指出已初始化授權存放區。</err0xC004E00A>
<err0xC004E00B>軟體授權服務報告指出授權內容無效。</err0xC004E00B>
<err0xC004E00C>軟體授權服務報告指出無法開啟或建立授權。</err0xC004E00C>
<err0xC004E00D>軟體授權服務報告指出授權無法寫入。</err0xC004E00D>
<err0xC004E00E>軟體授權服務報告指出授權存放區無法讀取授權檔案。</err0xC004E00E>
<err0xC004E00F>軟體授權服務報告指出授權內容損毀。</err0xC004E00F>
<err0xC004E010>軟體授權服務報告指出授權內容遺失。</err0xC004E010>
<err0xC004E011>軟體授權服務報告指出授權存放區包含無效的授權檔。</err0xC004E011>
<err0xC004E012>軟體授權服務報告指出授權存放區無法正常啟動同步處理。</err0xC004E012>
<err0xC004E013>軟體授權服務報告指出授權存放區無法正常同步處理。</err0xC004E013>
<err0xC004E014>軟體授權服務報告指出授權內容無效。</err0xC004E014>
<err0xC004E015>軟體授權服務報告指出授權使用失敗。[解決方案](https://otp.landian.vip/help/?ref=token_issue)</err0xC004E015>
<err0xC004E016>軟體授權服務報告指出產品金鑰無效</err0xC004E016>
<err0xC004E017>軟體授權服務報告指出產品金鑰無效</err0xC004E017>
<err0xC004E018>軟體授權服務報告指出產品金鑰無效</err0xC004E018>
<err0xC004E019>軟體授權服務判定產品金鑰確認失敗。</err0xC004E019>
<err0xC004E01A>軟體授權服務報告指出找到了無效的附加元件資訊。</err0xC004E01A>
<err0xC004E01B>軟體授權服務報告指出無法收集所有硬體資訊。</err0xC004E01B>
<err0xC004E01C>這個評估產品金鑰已經無效。</err0xC004E01C>
<err0xC004E01D>新產品金鑰無法用於這次安裝的 Windows。請輸入其他的產品金鑰。(CD-AB)</err0xC004E01D>
<err0xC004E01E>新產品金鑰無法用於這次安裝的 Windows。請輸入其他的產品金鑰。 (AB-AB)</err0xC004E01E>
<err0xC004E020>軟體授權服務報告指出，OtherInfo 區段中儲存的原則值與資訊之間不相符。</err0xC004E020>
<err0xC004E021>軟體授權服務報告指出，授權包含的正版資訊不一致。</err0xC004E021>
<err0xC004E022>軟體授權服務報告指出授權中的安全存放 id 值不符合目前的值。</err0xC004E022>
<err0xC004E023>「軟體授權服務」報告指出通知規則似乎無效。</err0xC004E023>
<err0xC004E024>「軟體授權服務」報告指出已報告的機器資料似乎無效。</err0xC004E024>
<err0xC004E025>「軟體授權服務」報告指出資料雜湊未對應到資料。</err0xC004E025>
<err0x8004E101>軟體授權服務報告指出權杖存放檔案版本不正確。</err0x8004E101>
<err0x8004E102>軟體授權服務報告指出權杖存放包含不正確的描述元表格。</err0x8004E102>
<err0x8004E103>軟體授權服務報告指出描述元權杖存放包含具有不正確標頭/頁尾的權杖。</err0x8004E103>
<err0x8004E104>軟體授權服務報告指出權杖存放權杖的名稱不正確。</err0x8004E104>
<err0x8004E105>軟體授權服務報告指出權杖存放權杖的副檔名不正確。</err0x8004E105>
<err0x8004E106>軟體授權服務報告指出權杖存放包含重複的權杖。</err0x8004E106>
<err0x8004E107>軟體授權服務報告指出權杖存放中的權杖大小不相符。</err0x8004E107>
<err0x8004E108>軟體授權服務報告指出權杖存放中的權杖包含不正確的雜湊。</err0x8004E108>
<err0x8004E109>軟體授權服務報告指出權杖存放無法讀取權杖。</err0x8004E109>
<err0x8004E10A>軟體授權服務報告指出權杖存放無法寫入權杖。</err0x8004E10A>
<err0x8004E10B>軟體授權服務報告指出權杖存放已嘗試不正確的檔案操作。</err0x8004E10B>
<err0x8004E10C>軟體授權服務報告指出沒有現用交易。</err0x8004E10C>
<err0x8004E10D>軟體授權服務報告指出權杖存放檔案的檔頭不正確。</err0x8004E10D>
<err0x8004E10E>軟體授權服務報告指出權杖存放權杖的描述元不正確。</err0x8004E10E>
<err0x8007232B>DNS 名稱不存在，請檢查是否設定了一個有效的 KMS 位址。</err0x8007232B>
<err0x8007000D>資料無效。</err0x8007000D>
<err0x8007007B>檔案名稱、位置名稱或標籤語法不正確。</err0x8007007B>
<err0x80080005>伺服器執行失敗。</err0x80080005>
<err0xC004F001>軟體授權服務報告發生內部錯誤。</err0xC004F001>
<err0xC004F002>軟體授權服務報告指出無法使用授權。</err0xC004F002>
<err0xC004F003>軟體授權服務報告指出找不到要求的授權。</err0xC004F003>
<err0xC004F004>軟體授權服務報告指出產品金鑰不符授權所定義的範圍。</err0xC004F004>
<err0xC004F005>軟體授權服務報告指出產品金鑰與授權的產品金鑰不符。</err0xC004F005>
<err0xC004F006>軟體授權服務報告指出授權的簽署檔無法使用。</err0xC004F006>
<err0xC004F007>軟體授權服務報告指出找不到授權。</err0xC004F007>
<err0xC004F008>軟體授權服務報告指出找不到授權。</err0xC004F008>
<err0xC004F009>軟體授權服務報告指出寬限期已過</err0xC004F009>
<err0xC004F00A>軟體授權服務報告指出應用程式識別碼與授權的應用程式識別碼不符。</err0xC004F00A>
<err0xC004F00B>軟體授權服務報告指出產品識別碼資料無法使用。</err0xC004F00B>
<err0x4004F00C>軟體授權服務報告指出應用程式是在有效的寬限期中執行。</err0x4004F00C>
<err0x4004F00D>軟體授權服務報告指出應用程式是在有效的容許寬限期外執行。</err0x4004F00D>
<err0xC004F00E>軟體授權服務判定目前的安全性處理器元件版本法使用該授權。</err0xC004F00E>
<err0xC004F00F>軟體授權服務報告指出硬體識別碼繫結超出容忍度。</err0xC004F00F>
<err0xC004F010>軟體授權服務報告指出產品金鑰無效。</err0xC004F010>
<err0xC004F011>軟體授權服務報告指出未安裝授權檔。</err0xC004F011>
<err0xC004F012>軟體授權服務報告指出呼叫失敗，因為找不到適用於所輸入之金鑰的磁碟區。</err0xC004F012>
<err0xC004F013>軟體授權服務判定沒有執行此軟體的權限。</err0xC004F013>
<err0xC004F014>軟體授權服務報告指出產品金鑰無法使用。</err0xC004F014>
<err0xC004F015>軟體授權服務報告指出未安裝授權。</err0xC004F015>
<err0xC004F016>軟體授權服務判定不支援這個要求。</err0xC004F016>
<err0xC004F017>軟體授權服務報告指出未安裝授權。</err0xC004F017>
<err0xC004F018>軟體授權服務報告指出授權沒有包含有效的啟用伺服器位置資料。</err0xC004F018>
<err0xC004F019>軟體授權服務判定要求的事件識別碼不正確。</err0xC004F019>
<err0xC004F01A>軟體授權服務判定要求的事件並未向服務登錄。</err0xC004F01A>
<err0xC004F01B>軟體授權服務報告指出事件識別碼已登錄。</err0xC004F01B>
<err0xC004F01C>軟體授權服務報告指出未安裝授權。</err0xC004F01C>
<err0xC004F01D>軟體授權服務報告指出授權驗證失敗。</err0xC004F01D>
<err0xC004F01E>軟體授權服務判定輸入資料類型不符合授權中的資料類型。</err0xC004F01E>
<err0xC004F01F>軟體授權服務判定授權不正確。</err0xC004F01F>
<err0xC004F020>軟體授權服務判定授權封裝不正確。</err0xC004F020>
<err0xC004F021>軟體授權服務報告指出授權的有效期已過。</err0xC004F021>
<err0xC004F022>軟體授權服務報告指出授權失敗。</err0xC004F022>
<err0xC004F023>軟體授權服務報告指出授權無效。</err0xC004F023>
<err0xC004F024>軟體授權服務報告指出授權無效。</err0xC004F024>
<err0xC004F025>軟體授權服務報告指出該動作需要系統管理員權限。</err0xC004F025>
<err0xC004F026>軟體授權服務報告指出找不到要求的資料。</err0xC004F026>
<err0xC004F027>軟體授權服務報告指出授權遭竄改。</err0xC004F027>
<err0xC004F028>軟體授權服務報告指出原則快取無效。</err0xC004F028>
<err0xC004F029>無法以目前的 OS 模式來啟動 [軟體授權服務]。</err0xC004F029>
<err0xC004F02A>軟體授權服務報告指出授權無效。</err0xC004F02A>
<err0xC004F02C>軟體授權服務報告指出離線啟用的資料格式不正確</err0xC004F02C>
<err0xC004F02D>軟體授權服務判定離線確認識別碼 (CID) 的版本不正確。</err0xC004F02D>
<err0xC004F02E>軟體授權服務判定離線確認識別碼 (CID) 的版本不受支援。</err0xC004F02E>
<err0xC004F02F>軟體授權服務報告指出離線確認識別碼 (CID) 的長度不正確。</err0xC004F02F>
<err0xC004F030>軟體授權服務判定安裝識別碼 (IID) 或確認識別碼 (CID) 無法儲存。</err0xC004F030>
<err0xC004F031>安裝識別碼 (IID) 與確認識別碼 (CID) 不符。如果有需要，請確認 IID並取得新的 CID。</err0xC004F031>
<err0xC004F032>軟體授權服務判定繫結資料不正確。</err0xC004F032>
<err0xC004F033>軟體授權服務報告指出不允許安裝產品金鑰。如需詳細資料，請參閱事件日誌。</err0xC004F033>
<err0xC004F034>軟體授權服務報告指出找不到授權，或授權無效。</err0xC004F034>
<err0xC004F035>軟體授權服務報告指出無法使用大量授權產品金鑰來啟用電腦。大量授權系統必須從合格的作業系統升級。請連絡您的系統管理員，或使用其他類型的金鑰。</err0xC004F035>
<err0xC004F038>軟體授權服務報告指出無法啟用產品。您的金鑰管理服務 (KMS) 報告的計數不足。請連絡您的系統管理員。</err0xC004F038>
<err0xC004F039>軟體授權服務報告指出產品無法啟用。金鑰管理服務 (KMS) 未啟用。</err0xC004F039>
<err0x4004F040>軟體授權服務報告指出產品已啟用，但擁有者應該檢查產品使用權。</err0x4004F040>
<err0xC004F041>軟體授權服務判定金鑰管理服務 (KMS) 並未啟動。必須啟動 KMS。請連絡您的系統管理員。</err0xC004F041>
<err0xC004F042>軟體授權服務判定無法使用所指定的金鑰管理服務 (KMS)</err0xC004F042>
<err0xC004F047>軟體授權服務報告指出 [Proxy 原則] 尚未更新。</err0xC004F047>
<err0xC004F04D>軟體授權服務判定安裝識別碼 (IID) 或確認識別碼 (CID) 不正確。</err0xC004F04D>
<err0xC004F04F>軟體授權服務報告指出在授權中找不到授權管理資訊。</err0xC004F04F>
<err0xC004F050>軟體授權服務報告指出產品金鑰無效。</err0xC004F050>
<err0xC004F051>軟體授權服務報告指產品金鑰被封鎖。</err0xC004F051>
<err0xC004F052>軟體授權服務報告指出授權中含有重複的內容。</err0xC004F052>
<err0xC004F053>軟體授權服務判定授權不正確。授權包含覆寫原則，或未正確設定。</err0xC004F053>
<err0xC004F054>軟體授權服務報告指出授權管理資訊中有重複的資訊。</err0xC004F054>
<err0xC004F055>軟體授權服務報告指出基本 SKU 無法使用。</err0xC004F055>
<err0xC004F056>軟體授權服務報告指出無法使用金鑰管理服務 (KMS) 啟用產品。</err0xC004F056>
<err0xC004F057>軟體授權服務報告指出電腦 BIOS 遺失必要的授權。</err0xC004F057>
<err0xC004F058>軟體授權服務報告指出電腦 BIOS 遺失必要的授權。</err0xC004F058>
<err0xC004F059>軟體授權服務報告指出電腦 BIOS 中的授權不正確。</err0xC004F059>
<err0xC004F060>軟體授權服務判定授權封裝版本不正確。</err0xC004F060>
<err0xC004F061>軟體授權服務判定這個指定的產品金鑰只能用於升級，不能用於全新安裝。</err0xC004F061>
<err0xC004F062>軟體授權服務報告指出找不到要求的授權。</err0xC004F062>
<err0xC004F063>軟體授權服務報告指出電腦遺失必要的 OEM 授權。</err0xC004F063>
<err0xC004F064>軟體授權服務報告指出非正版寬限期已過。</err0xC004F064>
<err0x4004F065>軟體授權服務報告指出應用程式是在有效的非正版寬限期中執行。</err0x4004F065>
<err0xC004F066>軟體授權服務報告指出在設定相依屬性之前，無法設定正版資訊。</err0xC004F066>
<err0xC004F067>軟體授權服務報告指出非正版寬限期已經過期 (類型 2)。</err0xC004F067>
<err0x4004F068>軟體授權服務報告指出應用程式是在有效的非正版寬限期內執行 (類型 2)。</err0x4004F068>
<err0xC004F069>軟體授權服務報告指出找不到產品 SKU。</err0xC004F069>
<err0xC004F06A>軟體授權服務指出不允許要求的操作。</err0xC004F06A>
<err0xC004F06B>軟體授權服務判斷它正在虛擬機器中執行。在這個模式下，不支援金鑰管理服務 (KMS)。</err0xC004F06B>
<err0xC004F06C>軟體授權服務報告指出無法啟用產品。金鑰管理服務 (KMS) 判斷出要求時間戳記不正確。</err0xC004F06C>
<err0xC004F071>軟體授權服務報告指出，外掛程式資訊清單檔案不正確。</err0xC004F071>
<err0xC004F072>軟體授權服務報告指出，找不到快速查詢的授權原則。</err0xC004F072>
<err0xC004F073>軟體授權服務報告指出，未載入快速查詢的授權原則。</err0xC004F073>
<err0xC004F074>軟體授權服務報告指出無法啟用產品。無法聯繫金鑰管理服務 (KMS)。如需其他資訊，請參閱應用程式事件記錄檔。</err0xC004F074>
<err0xC004F075>軟體授權服務報告因為服務停止中，所以無法完成操作。</err0xC004F075>
<err0xC004F076>軟體授權服務報告指出，找不到要求的外掛程式。</err0xC004F076>
<err0xC004F077>軟體授權服務判定驗證資料版本不相容。</err0xC004F077>
<err0xC004F078>軟體授權服務報告指出金鑰無效。</err0xC004F078>
<err0xC004F079>軟體授權服務報告指出未設定驗證資料。</err0xC004F079>
<err0xC004F07A>軟體授權服務報告指出無法完成驗證。</err0xC004F07A>
<err0xC004F07B>軟體授權服務正在執行中，因而無法執行要求的操作。</err0xC004F07B>
<err0xC004F07C>軟體授權服務判定電腦 BIOS 版本無效。</err0xC004F07C>
<err0xC004F07D>「軟體授權服務」報告指出無法使用該產品金鑰來進行此類型的啟用。</err0xC004F07D>
<err0xC004F07E>安裝識別碼 (IID) 與確認識別碼 (CID) 不符合產品金鑰。</err0xC004F07E>
<err0xC004F07F>安裝識別碼 (IID) 與確認識別碼 (CID) 未繫結至目前的環境。</err0xC004F07F>
<err0xC004F080>「軟體授權服務」報告指出授權未繫結至目前的環境。</err0xC004F080>
<err0xC004F081>「軟體授權服務」報告指出找不到 Active Directory 啟用物件或啟用物件無效。</err0xC004F081>
<err0xC004F082>「軟體授權服務」報告指出為 Active Directory 啟用物件指定的名稱太長。</err0xC004F082>
<err0xC004F200>軟體授權服務報告指出目前的狀態為非正版。</err0xC004F200>
<err0xC004F210>「軟體授權服務」報告指出授權版本不符合電腦版本。</err0xC004F210>
<err0xC004F301>軟體授權服務報告指出無法啟用產品。權杖型啟用驗證已到期。</err0xC004F301>
<err0xC004F302>軟體授權服務報告指出安靜啟用失敗。軟體授權服務報告指出在系統中找不到不需使用者互動就能啟用產品的憑證。</err0xC004F302>
<err0xC004F303>軟體授權服務報告指出憑證鏈結無法建立或未通過驗證。</err0xC004F303>
<err0xC004F304>軟體授權服務報告指出找不到必要的授權。</err0xC004F304>
<err0xC004F305>軟體授權服務報告指出在系統中找不到可啟用產品的憑證。</err0xC004F305>
<err0xC004F306>軟體授權服務報告指出這個軟體版本不支援權杖型啟用。</err0xC004F306>
<err0xC004F307>軟體授權服務報告指出無法啟用產品。啟用資料無效。</err0xC004F307>
<err0xC004F308>軟體授權服務報告指出無法啟用產品。啟用資料已被竄改。</err0xC004F308>
<err0xC004F309>軟體授權服務報告指出無法啟用產品。啟用驗證與回應不相符。</err0xC004F309>
<err0xC004F30A>軟體授權服務報告指出無法啟用產品。憑證不符合授權中的條件。</err0xC004F30A>
<err0xC004F30B>軟體授權服務報告指出無法使用插入的智慧卡來啟用產品。</err0xC004F30B>
<err0xC004F30C>軟體授權服務報告指出權杖型啟用授權內容無效。</err0xC004F30C>
<err0xC004F30D>軟體授權服務報告指出無法啟用產品。指紋無效。</err0xC004F30D>
<err0xC004F30E>軟體授權服務報告指出無法啟用產品。指紋不符合任一個憑證。</err0xC004F30E>
<err0xC004F30F>軟體授權服務報告指出無法啟用產品。憑證不符合發行授權中指定的條件。</err0xC004F30F>
<err0xC004F310>軟體授權服務報告指出無法啟用產品。憑證不符合發行授權中指定的信任點識別元 (TPID)。</err0xC004F310>
<err0xC004F311>軟體授權服務報告指出無法啟用產品。無法使用軟體權杖來啟用。</err0xC004F311>
<err0xC004F312>軟體授權服務報告指出無法啟用產品。無法使用憑證，因其私密金鑰是可匯出的。</err0xC004F312>
<err0xC004F313>軟體授權服務報告指出無法載入 CNG 加密程式庫。這個 Windows 版本可能無法使用目前的憑證。</err0xC004F313>
<err0xC004FC03>啟用您的 Windows 版本時發生網路功能問題。</err0xC004FC03>
<err0x4004FC04>軟體授權服務報告指出，應用程式是在有效期限內執行。</err0x4004FC04>
<err0x4004FC05>軟體授權服務報告指出，應用程式具有永久有效的寬限期。</err0x4004FC05>
<err0x4004FC06>軟體授權服務報告指出，應用程式是在有效延長的寬限期中執行。</err0x4004FC06>
<err0xC004FC07>軟體授權服務報告指出有效期已過。</err0xC004FC07>
<err0xC004FE00>軟體授權服務報告指出，需要從篡改的 SL 服務信任存放區來復原啟用。</err0xC004FE00>
<err0xC004D101>安全性處理器報告指出發生初始化錯誤。</err0xC004D101>
<err0x8004D102>安全性處理器報告指出機器時間與信任時間不一致。</err0x8004D102>
<err0xC004D103>安全性處理器報告指出發生錯誤。</err0xC004D103>
<err0xC004D104>安全性處理器報告指出使用的資料無效。</err0xC004D104>
<err0xC004D105>安全性處理器報告指出該值已經存在。</err0xC004D105>
<err0xC004D107>安全性處理器報告指出使用的緩衝區不足。</err0xC004D107>
<err0xC004D108>安全性處理器報告指出使用的資料無效。</err0xC004D108>
<err0xC004D109>安全性處理器報告指出進行了不正確的呼叫。</err0xC004D109>
<err0xC004D10A>安全性處理器報告指出發生版本不符錯誤。</err0xC004D10A>
<err0x8004D10B>當有附加偵錯程式時，安全性處理器就會無法運作。</err0x8004D10B>
<err0xC004D301>安全性處理器報告指出信任的資料存放區已遭竄改。</err0xC004D301>
<err0xC004D302>安全性處理器報告指出信任的資料存放區已重新啟用。</err0xC004D302>
<err0xC004D303>安全性處理器報告指出信任的資料存放區已重新建立。</err0xC004D303>
<err0xC004D304>安全性處理器報告指出在信任的資料存放區中找不到輸入金鑰。</err0xC004D304>
<err0xC004D305>安全性處理器報告指出輸入金鑰已存在於信任的資料存放區。</err0xC004D305>
<err0xC004D306>安全性處理器報告指出輸入金鑰太大，無法放入信任的資料存放區。</err0xC004D306>
<err0xC004D307>安全性處理器報告指出已超過重新啟用的次數上限。您必須重新安裝 OS，才能嘗試再重新啟用。</err0xC004D307>
<err0xC004D308>安全性處理器報告指出輸入資料太大，無法放入信任的資料存放區。</err0xC004D308>
<err0xC004D309>安全性處理器報告指出已超過電腦所允許的硬體限制。</err0xC004D309>
<err0xC004D30A>安全性處理器報告指出安全計時器已存在。</err0xC004D30A>
<err0xC004D30B>安全性處理器報告指出找不到安全計時器。</err0xC004D30B>
<err0xC004D30C>安全性處理器報告指出安全計時器已到期。</err0xC004D30C>
<err0xC004D30D>安全性處理器報告指出安全計時器名稱太長。</err0xC004D30D>
<err0xC004D30E>安全性處理器報告指出信任的資料存放區已滿。</err0xC004D30E>
<err0xC004D401>安全性處理器報告指出發生系統檔案不符錯誤。</err0xC004D401>
<err0xC004D402>安全性處理器報告指出發生系統檔案不符錯誤。</err0xC004D402>
<err0xC004D501>安全性處理器報告指出核心資料發生錯誤。</err0xC004D501>
</Strings>
